row_type,case_key,identifier,public_locator,external_source_or_omitted,source_sha256,description
case,scene_35_31|Vehicle:97|0188,H01_HISTORICAL_NEAR,data/cases.csv; case_key=scene_35_31|Vehicle:97|0188,,,CLEAR_SURFACE_BOUNDARY_INCONSISTENCY
case,scene_35_31|Vehicle:97|0129,H01_FAR,data/cases.csv; case_key=scene_35_31|Vehicle:97|0129,,,INCONCLUSIVE_SPARSE_SURFACE
case,scene_36_27|Vehicle:3|0118,F01_NEAR_MID,data/cases.csv; case_key=scene_36_27|Vehicle:3|0118,,,CLEAR_SURFACE_MISMATCH
case,scene_36_39|Vehicle:10|0032,F03_FAR,data/cases.csv; case_key=scene_36_39|Vehicle:10|0032,,,CLEAR_SURFACE_MISMATCH
case,scene_36_39|Vehicle:10|0070,F03_NEAR_MID,data/cases.csv; case_key=scene_36_39|Vehicle:10|0070,,,CLEAR_SURFACE_MISMATCH
case,scene_28_12|Vehicle:11|0062,N04_FAR,data/cases.csv; case_key=scene_28_12|Vehicle:11|0062,,,MODERATE_LONGITUDINAL_BOUNDARY_INCONSISTENCY
case,scene_28_12|Vehicle:11|0100,N04_NEAR,data/cases.csv; case_key=scene_28_12|Vehicle:11|0100,,,PROJECTION_DISCREPANCY_3D_INCONCLUSIVE
case,scene_36_39|Vehicle:1|0032,F04_NEAR_MID,data/cases.csv; case_key=scene_36_39|Vehicle:1|0032,,,PARTIAL_CONSISTENCY_UNDETERMINED
case,scene_36_27|Vehicle:10|0034,F02_FAR,data/cases.csv; case_key=scene_36_27|Vehicle:10|0034,,,UNDETERMINED_NO_PANEL_RETURNS
case,scene_36_27|Vehicle:10|0056,F02_NEAR_MID,data/cases.csv; case_key=scene_36_27|Vehicle:10|0056,,,UNDETERMINED_NO_PANEL_RETURNS
case,scene_42_8|Vehicle:87|0178,H02_HISTORICAL_NEAR,data/cases.csv; case_key=scene_42_8|Vehicle:87|0178,,,PROJECTION_DISCREPANCY_3D_INCONCLUSIVE
case,scene_28_9|Vehicle:6|0285,N01_NEAR,data/cases.csv; case_key=scene_28_9|Vehicle:6|0285,,,PROJECTION_DISCREPANCY_3D_INCONCLUSIVE
case,scene_28_9|Vehicle:6|0324,N01_FAR,data/cases.csv; case_key=scene_28_9|Vehicle:6|0324,,,PROJECTION_DISCREPANCY_3D_INCONCLUSIVE
case,scene_28_9|Vehicle:8|0253,N02_NEAR,data/cases.csv; case_key=scene_28_9|Vehicle:8|0253,,,PROJECTION_DISCREPANCY_3D_INCONCLUSIVE
case,scene_28_9|Vehicle:8|0340,N02_FAR,data/cases.csv; case_key=scene_28_9|Vehicle:8|0340,,,PROJECTION_DISCREPANCY_3D_INCONCLUSIVE
case,scene_28_12|Vehicle:9|0086,N03_NEAR,data/cases.csv; case_key=scene_28_12|Vehicle:9|0086,,,PROJECTION_DISCREPANCY_3D_INCONCLUSIVE
case,scene_28_12|Vehicle:9|0126,N03_FAR,data/cases.csv; case_key=scene_28_12|Vehicle:9|0126,,,PROJECTION_DISCREPANCY_3D_INCONCLUSIVE
case,scene_36_39|RoadObstruction:5|0090,C01_ZERO_MEDIAN_HISTORICAL_CASE,data/cases.csv; case_key=scene_36_39|RoadObstruction:5|0090,,,UNRESOLVED
case,scene_28_9|RoadObstruction:22|0346,C02_ZERO_GEOMETRY_HISTORICAL_CASE,data/cases.csv; case_key=scene_28_9|RoadObstruction:22|0346,,,UNRESOLVED
case,scene_28_9|RoadObstruction:18|0107,C05_FAR_ZERO_MEDIAN_HISTORICAL_CASE,data/cases.csv; case_key=scene_28_9|RoadObstruction:18|0107,,,UNRESOLVED
case,scene_36_39|RoadObstruction:7|0057,C06_FAR_ZERO_GEOMETRY_HISTORICAL_CASE,data/cases.csv; case_key=scene_36_39|RoadObstruction:7|0057,,,UNRESOLVED
source_asset,scene_36_27|Vehicle:3|0118,dataset_original_annotation,data/source_assets.csv; dataset_relative_path=scene_36_27/annotations/bounding_boxes/0118_11771923897.json,EXTERNAL_SOURCE:TruckDrive/scene_36_27/annotations/bounding_boxes/0118_11771923897.json,b04a2514210168f976a338db5e58c1e5be82f532ab46845e474679cc920ecfaf,Released source file withheld from repository; publisher identity remains unverified
source_asset,scene_36_27|Vehicle:3|0118,dataset_original_Aeva_BIN,data/source_assets.csv; dataset_relative_path=scene_36_27/lidar/aeva/joint_lidars/points/0118_11799845120.bin,EXTERNAL_SOURCE:TruckDrive/scene_36_27/lidar/aeva/joint_lidars/points/0118_11799845120.bin,ab31519e32523430983fc72a185c976976a38425131a8d93d23decdd83dc268f,Released source file withheld from repository; publisher identity remains unverified
source_asset,scene_36_27|Vehicle:3|0118,dataset_original_camera_JPEG,data/source_assets.csv; dataset_relative_path=scene_36_27/camera/leopard/forward_center_medium/images/0118_11771923897.jpg,EXTERNAL_SOURCE:TruckDrive/scene_36_27/camera/leopard/forward_center_medium/images/0118_11771923897.jpg,e5564c0fdfeb30a3c768e0da4f76105ab89e8b792f830a30b3eb30ed53b1379d,Released source file withheld from repository; publisher identity remains unverified
source_asset,scene_36_27|Vehicle:3|0118,dataset_original_calibration_TF,data/source_assets.csv; dataset_relative_path=scene_36_27/calibrations/calib_tf_tree_full.json,EXTERNAL_SOURCE:TruckDrive/scene_36_27/calibrations/calib_tf_tree_full.json,37fe60fc9d17efb6273b78ad7505d6d58f15db7878da94af05b9aad1798589fa,Released source file withheld from repository; publisher identity remains unverified
source_asset,scene_36_27|Vehicle:3|0118,dataset_original_calibration_camera,data/source_assets.csv; dataset_relative_path=scene_36_27/calibrations/calib_camera_leopard_forward_center_medium.json,EXTERNAL_SOURCE:TruckDrive/scene_36_27/calibrations/calib_camera_leopard_forward_center_medium.json,ac9db695d36121249510422c8f30d7e1068d71df22986efd92c31548d917bdac,Released source file withheld from repository; publisher identity remains unverified
source_asset,scene_36_27|Vehicle:10|0056,dataset_original_annotation,data/source_assets.csv; dataset_relative_path=scene_36_27/annotations/bounding_boxes/0056_5571843247.json,EXTERNAL_SOURCE:TruckDrive/scene_36_27/annotations/bounding_boxes/0056_5571843247.json,755350b0dff8c315175d7b84921e8d3689f4f1566ef6e1a7d651d5a8b493df62,Released source file withheld from repository; publisher identity remains unverified
source_asset,scene_36_27|Vehicle:10|0056,dataset_original_Aeva_BIN,data/source_assets.csv; dataset_relative_path=scene_36_27/lidar/aeva/joint_lidars/points/0056_5599937536.bin,EXTERNAL_SOURCE:TruckDrive/scene_36_27/lidar/aeva/joint_lidars/points/0056_5599937536.bin,c3e66bca311ff0819343c3668725124c5e234e4801799ed8d88898b864bae446,Released source file withheld from repository; publisher identity remains unverified
source_asset,scene_36_27|Vehicle:10|0056,dataset_original_camera_JPEG,data/source_assets.csv; dataset_relative_path=scene_36_27/camera/leopard/forward_center_medium/images/0056_5571843247.jpg,EXTERNAL_SOURCE:TruckDrive/scene_36_27/camera/leopard/forward_center_medium/images/0056_5571843247.jpg,9d5eb12d4485bfb1692930f028130b6dd0abcc1f3109c60b1ee18c88ee1e02da,Released source file withheld from repository; publisher identity remains unverified
source_asset,scene_36_27|Vehicle:10|0056,dataset_original_calibration_TF,data/source_assets.csv; dataset_relative_path=scene_36_27/calibrations/calib_tf_tree_full.json,EXTERNAL_SOURCE:TruckDrive/scene_36_27/calibrations/calib_tf_tree_full.json,37fe60fc9d17efb6273b78ad7505d6d58f15db7878da94af05b9aad1798589fa,Released source file withheld from repository; publisher identity remains unverified
source_asset,scene_36_27|Vehicle:10|0056,dataset_original_calibration_camera,data/source_assets.csv; dataset_relative_path=scene_36_27/calibrations/calib_camera_leopard_forward_center_medium.json,EXTERNAL_SOURCE:TruckDrive/scene_36_27/calibrations/calib_camera_leopard_forward_center_medium.json,ac9db695d36121249510422c8f30d7e1068d71df22986efd92c31548d917bdac,Released source file withheld from repository; publisher identity remains unverified
source_asset,scene_36_27|Vehicle:10|0034,dataset_original_annotation,data/source_assets.csv; dataset_relative_path=scene_36_27/annotations/bounding_boxes/0034_3371912197.json,EXTERNAL_SOURCE:TruckDrive/scene_36_27/annotations/bounding_boxes/0034_3371912197.json,6189b29dfeac6ee0573e054a77eb9a27a5ffe53e3af42b0d57f94843942d71b2,Released source file withheld from repository; publisher identity remains unverified
source_asset,scene_36_27|Vehicle:10|0034,dataset_original_Aeva_BIN,data/source_assets.csv; dataset_relative_path=scene_36_27/lidar/aeva/joint_lidars/points/0034_3399931648.bin,EXTERNAL_SOURCE:TruckDrive/scene_36_27/lidar/aeva/joint_lidars/points/0034_3399931648.bin,2a349d5838261face58ebc8137ed5d30070f6932aaeccf871c857a89cbcc1f87,Released source file withheld from repository; publisher identity remains unverified
source_asset,scene_36_27|Vehicle:10|0034,dataset_original_camera_JPEG,data/source_assets.csv; dataset_relative_path=scene_36_27/camera/leopard/forward_center_medium/images/0034_3371912197.jpg,EXTERNAL_SOURCE:TruckDrive/scene_36_27/camera/leopard/forward_center_medium/images/0034_3371912197.jpg,eda18f804fc35952f980d3d7c68a562cccdf00a1bd5b5362c003cbd2671221ba,Released source file withheld from repository; publisher identity remains unverified
source_asset,scene_36_27|Vehicle:10|0034,dataset_original_calibration_TF,data/source_assets.csv; dataset_relative_path=scene_36_27/calibrations/calib_tf_tree_full.json,EXTERNAL_SOURCE:TruckDrive/scene_36_27/calibrations/calib_tf_tree_full.json,37fe60fc9d17efb6273b78ad7505d6d58f15db7878da94af05b9aad1798589fa,Released source file withheld from repository; publisher identity remains unverified
source_asset,scene_36_27|Vehicle:10|0034,dataset_original_calibration_camera,data/source_assets.csv; dataset_relative_path=scene_36_27/calibrations/calib_camera_leopard_forward_center_medium.json,EXTERNAL_SOURCE:TruckDrive/scene_36_27/calibrations/calib_camera_leopard_forward_center_medium.json,ac9db695d36121249510422c8f30d7e1068d71df22986efd92c31548d917bdac,Released source file withheld from repository; publisher identity remains unverified
source_asset,scene_36_39|Vehicle:10|0070,dataset_original_annotation,data/source_assets.csv; dataset_relative_path=scene_36_39/annotations/bounding_boxes/0070_6971962325.json,EXTERNAL_SOURCE:TruckDrive/scene_36_39/annotations/bounding_boxes/0070_6971962325.json,d7ebc70e16fbcd50c8dd72e63a0d06b16e8e7d7065a6271a78cfe6ed8285b6fb,Released source file withheld from repository; publisher identity remains unverified
source_asset,scene_36_39|Vehicle:10|0070,dataset_original_Aeva_BIN,data/source_assets.csv; dataset_relative_path=scene_36_39/lidar/aeva/joint_lidars/points/0070_6999973888.bin,EXTERNAL_SOURCE:TruckDrive/scene_36_39/lidar/aeva/joint_lidars/points/0070_6999973888.bin,5c249b0bdc48fae84d9e8af04347303446ff757d4d0b0c20c5413e5ea93a8740,Released source file withheld from repository; publisher identity remains unverified
source_asset,scene_36_39|Vehicle:10|0070,dataset_original_camera_JPEG,data/source_assets.csv; dataset_relative_path=scene_36_39/camera/leopard/forward_center_medium/images/0070_6971962325.jpg,EXTERNAL_SOURCE:TruckDrive/scene_36_39/camera/leopard/forward_center_medium/images/0070_6971962325.jpg,71f3bf7a9f4cd67d74195bd90b341f2ec8726689333dc295fe7e4db65a89e33a,Released source file withheld from repository; publisher identity remains unverified
source_asset,scene_36_39|Vehicle:10|0070,dataset_original_calibration_TF,data/source_assets.csv; dataset_relative_path=scene_36_39/calibrations/calib_tf_tree_full.json,EXTERNAL_SOURCE:TruckDrive/scene_36_39/calibrations/calib_tf_tree_full.json,37fe60fc9d17efb6273b78ad7505d6d58f15db7878da94af05b9aad1798589fa,Released source file withheld from repository; publisher identity remains unverified
source_asset,scene_36_39|Vehicle:10|0070,dataset_original_calibration_camera,data/source_assets.csv; dataset_relative_path=scene_36_39/calibrations/calib_camera_leopard_forward_center_medium.json,EXTERNAL_SOURCE:TruckDrive/scene_36_39/calibrations/calib_camera_leopard_forward_center_medium.json,d251e3baeeff53d62fb3c9f0f8fedd9b2f10735e1e4a2ac4d1c90c3d0f2d1443,Released source file withheld from repository; publisher identity remains unverified
source_asset,scene_36_39|Vehicle:10|0032,dataset_original_annotation,data/source_assets.csv; dataset_relative_path=scene_36_39/annotations/bounding_boxes/0032_3172010775.json,EXTERNAL_SOURCE:TruckDrive/scene_36_39/annotations/bounding_boxes/0032_3172010775.json,da59dd69b563ebccf28334be346cbcc0e9300cb3a6e312fb900e34749f25d78f,Released source file withheld from repository; publisher identity remains unverified
source_asset,scene_36_39|Vehicle:10|0032,dataset_original_Aeva_BIN,data/source_assets.csv; dataset_relative_path=scene_36_39/lidar/aeva/joint_lidars/points/0032_3199999488.bin,EXTERNAL_SOURCE:TruckDrive/scene_36_39/lidar/aeva/joint_lidars/points/0032_3199999488.bin,c232531c08834cddaf1fa272a3184b2979fde896431d66b26338652f3bb48e52,Released source file withheld from repository; publisher identity remains unverified
source_asset,scene_36_39|Vehicle:10|0032,dataset_original_camera_JPEG,data/source_assets.csv; dataset_relative_path=scene_36_39/camera/leopard/forward_center_medium/images/0032_3172010775.jpg,EXTERNAL_SOURCE:TruckDrive/scene_36_39/camera/leopard/forward_center_medium/images/0032_3172010775.jpg,122c2508c926f19c821ab2ac1ef7cc6785b273865d62712c2b674ff00b9cf5da,Released source file withheld from repository; publisher identity remains unverified
source_asset,scene_36_39|Vehicle:10|0032,dataset_original_calibration_TF,data/source_assets.csv; dataset_relative_path=scene_36_39/calibrations/calib_tf_tree_full.json,EXTERNAL_SOURCE:TruckDrive/scene_36_39/calibrations/calib_tf_tree_full.json,37fe60fc9d17efb6273b78ad7505d6d58f15db7878da94af05b9aad1798589fa,Released source file withheld from repository; publisher identity remains unverified
source_asset,scene_36_39|Vehicle:10|0032,dataset_original_calibration_camera,data/source_assets.csv; dataset_relative_path=scene_36_39/calibrations/calib_camera_leopard_forward_center_medium.json,EXTERNAL_SOURCE:TruckDrive/scene_36_39/calibrations/calib_camera_leopard_forward_center_medium.json,d251e3baeeff53d62fb3c9f0f8fedd9b2f10735e1e4a2ac4d1c90c3d0f2d1443,Released source file withheld from repository; publisher identity remains unverified
source_asset,scene_36_39|Vehicle:1|0032,dataset_original_annotation,data/source_assets.csv; dataset_relative_path=scene_36_39/annotations/bounding_boxes/0032_3172010775.json,EXTERNAL_SOURCE:TruckDrive/scene_36_39/annotations/bounding_boxes/0032_3172010775.json,da59dd69b563ebccf28334be346cbcc0e9300cb3a6e312fb900e34749f25d78f,Released source file withheld from repository; publisher identity remains unverified
source_asset,scene_36_39|Vehicle:1|0032,dataset_original_Aeva_BIN,data/source_assets.csv; dataset_relative_path=scene_36_39/lidar/aeva/joint_lidars/points/0032_3199999488.bin,EXTERNAL_SOURCE:TruckDrive/scene_36_39/lidar/aeva/joint_lidars/points/0032_3199999488.bin,c232531c08834cddaf1fa272a3184b2979fde896431d66b26338652f3bb48e52,Released source file withheld from repository; publisher identity remains unverified
source_asset,scene_36_39|Vehicle:1|0032,dataset_original_camera_JPEG,data/source_assets.csv; dataset_relative_path=scene_36_39/camera/leopard/forward_center_medium/images/0032_3172010775.jpg,EXTERNAL_SOURCE:TruckDrive/scene_36_39/camera/leopard/forward_center_medium/images/0032_3172010775.jpg,122c2508c926f19c821ab2ac1ef7cc6785b273865d62712c2b674ff00b9cf5da,Released source file withheld from repository; publisher identity remains unverified
source_asset,scene_36_39|Vehicle:1|0032,dataset_original_calibration_TF,data/source_assets.csv; dataset_relative_path=scene_36_39/calibrations/calib_tf_tree_full.json,EXTERNAL_SOURCE:TruckDrive/scene_36_39/calibrations/calib_tf_tree_full.json,37fe60fc9d17efb6273b78ad7505d6d58f15db7878da94af05b9aad1798589fa,Released source file withheld from repository; publisher identity remains unverified
source_asset,scene_36_39|Vehicle:1|0032,dataset_original_calibration_camera,data/source_assets.csv; dataset_relative_path=scene_36_39/calibrations/calib_camera_leopard_forward_center_medium.json,EXTERNAL_SOURCE:TruckDrive/scene_36_39/calibrations/calib_camera_leopard_forward_center_medium.json,d251e3baeeff53d62fb3c9f0f8fedd9b2f10735e1e4a2ac4d1c90c3d0f2d1443,Released source file withheld from repository; publisher identity remains unverified
source_asset,scene_35_31|Vehicle:97|0188,dataset_original_annotation,data/source_assets.csv; dataset_relative_path=scene_35_31/annotations/bounding_boxes/0188_18772164305.json,EXTERNAL_SOURCE:TruckDrive/scene_35_31/annotations/bounding_boxes/0188_18772164305.json,d515cca1c51e5b748fc8b45fea9834a735140cffe955cea62b586125cb572818,Released source file withheld from repository; publisher identity remains unverified
source_asset,scene_35_31|Vehicle:97|0188,dataset_original_Aeva_BIN,data/source_assets.csv; dataset_relative_path=scene_35_31/lidar/aeva/joint_lidars/points/0188_18800014336.bin,EXTERNAL_SOURCE:TruckDrive/scene_35_31/lidar/aeva/joint_lidars/points/0188_18800014336.bin,f813d26939a41c091247f199569a9dad30302408160c56d8d2bf163a1b59d9fa,Released source file withheld from repository; publisher identity remains unverified
source_asset,scene_35_31|Vehicle:97|0188,dataset_original_camera_JPEG,data/source_assets.csv; dataset_relative_path=scene_35_31/camera/leopard/sideward_left_front_wide/images/0188_18772057630.jpg,EXTERNAL_SOURCE:TruckDrive/scene_35_31/camera/leopard/sideward_left_front_wide/images/0188_18772057630.jpg,15be5750069a31d69329647d2b44a4edfc5ac71dba1361699c20203cf9750081,Released source file withheld from repository; publisher identity remains unverified
source_asset,scene_35_31|Vehicle:97|0188,dataset_original_calibration_TF,data/source_assets.csv; dataset_relative_path=scene_35_31/calibrations/calib_tf_tree_full.json,EXTERNAL_SOURCE:TruckDrive/scene_35_31/calibrations/calib_tf_tree_full.json,fe1664f077cfc746d1054d69931bd812c5b1af87ee8e905f7ebeff85f521bfac,Released source file withheld from repository; publisher identity remains unverified
source_asset,scene_35_31|Vehicle:97|0188,dataset_original_calibration_camera,data/source_assets.csv; dataset_relative_path=scene_35_31/calibrations/calib_camera_leopard_sideward_left_front_wide.json,EXTERNAL_SOURCE:TruckDrive/scene_35_31/calibrations/calib_camera_leopard_sideward_left_front_wide.json,6878312bc030978c618ac6941d6e75a9d0b9617ffb9c0813d2448fe5968cda0e,Released source file withheld from repository; publisher identity remains unverified
source_asset,scene_42_8|Vehicle:87|0178,dataset_original_annotation,data/source_assets.csv; dataset_relative_path=scene_42_8/annotations/bounding_boxes/0178_17771953930.json,EXTERNAL_SOURCE:TruckDrive/scene_42_8/annotations/bounding_boxes/0178_17771953930.json,c78c813390e5c7bed40aaf0561c807a37fc86ee75446b115ff1a3e7cb087d258,Released source file withheld from repository; publisher identity remains unverified
source_asset,scene_42_8|Vehicle:87|0178,dataset_original_Aeva_BIN,data/source_assets.csv; dataset_relative_path=scene_42_8/lidar/aeva/joint_lidars/points/0178_17800050944.bin,EXTERNAL_SOURCE:TruckDrive/scene_42_8/lidar/aeva/joint_lidars/points/0178_17800050944.bin,7a9fa080f08e9987e6940037dd264b73941b3581ec14589a9ed0d31e75f4e02d,Released source file withheld from repository; publisher identity remains unverified
source_asset,scene_42_8|Vehicle:87|0178,dataset_original_camera_JPEG,data/source_assets.csv; dataset_relative_path=scene_42_8/camera/leopard/sideward_right_front_wide/images/0178_17772086730.jpg,EXTERNAL_SOURCE:TruckDrive/scene_42_8/camera/leopard/sideward_right_front_wide/images/0178_17772086730.jpg,e3d4eb022c27515ebdb5b1a4f216514e745d518f1f324204a1767e27b29937f1,Released source file withheld from repository; publisher identity remains unverified
source_asset,scene_42_8|Vehicle:87|0178,dataset_original_calibration_TF,data/source_assets.csv; dataset_relative_path=scene_42_8/calibrations/calib_tf_tree_full.json,EXTERNAL_SOURCE:TruckDrive/scene_42_8/calibrations/calib_tf_tree_full.json,a890a9df5299689f21bcac7824f6aa805c41ac654d52ee64dbad069251d286de,Released source file withheld from repository; publisher identity remains unverified
source_asset,scene_42_8|Vehicle:87|0178,dataset_original_calibration_camera,data/source_assets.csv; dataset_relative_path=scene_42_8/calibrations/calib_camera_leopard_sideward_right_front_wide.json,EXTERNAL_SOURCE:TruckDrive/scene_42_8/calibrations/calib_camera_leopard_sideward_right_front_wide.json,a487fbbff93273b8d532dcb1a07a12c729f24c7cc63698c954470ecc491b34d1,Released source file withheld from repository; publisher identity remains unverified
source_asset,scene_28_9|Vehicle:6|0285,dataset_original_annotation,data/source_assets.csv; dataset_relative_path=scene_28_9/annotations/bounding_boxes/0285_14302590864.json,EXTERNAL_SOURCE:TruckDrive/scene_28_9/annotations/bounding_boxes/0285_14302590864.json,af3e4c346621716d373c6117e6fe6ede7ef8057dc8fba30a8ec9731142a56007,Released source file withheld from repository; publisher identity remains unverified
source_asset,scene_28_9|Vehicle:6|0285,dataset_original_Aeva_BIN,data/source_assets.csv; dataset_relative_path=scene_28_9/lidar/aeva/joint_lidars/points/0285_14330546432.bin,EXTERNAL_SOURCE:TruckDrive/scene_28_9/lidar/aeva/joint_lidars/points/0285_14330546432.bin,726a19043bc6d495f59cd39aa50292e259153891969694ca474af2b53cd82149,Released source file withheld from repository; publisher identity remains unverified
source_asset,scene_28_9|Vehicle:6|0285,dataset_original_camera_JPEG,data/source_assets.csv; dataset_relative_path=scene_28_9/camera/leopard/rearward_left_bottom_medium/images/0285_14302547839.jpg,EXTERNAL_SOURCE:TruckDrive/scene_28_9/camera/leopard/rearward_left_bottom_medium/images/0285_14302547839.jpg,312922ccb7810a4e55cf2b4b8bc1c3703f7b259544ba2fae6a1e87f6bef89d62,Released source file withheld from repository; publisher identity remains unverified
source_asset,scene_28_9|Vehicle:6|0285,dataset_original_calibration_TF,data/source_assets.csv; dataset_relative_path=scene_28_9/calibrations/calib_tf_tree_full.json,EXTERNAL_SOURCE:TruckDrive/scene_28_9/calibrations/calib_tf_tree_full.json,8b2373e46a9428371674b26e3e7089a45a54c50246eeefcc2fbb52f7453e2430,Released source file withheld from repository; publisher identity remains unverified
source_asset,scene_28_9|Vehicle:6|0285,dataset_original_calibration_camera,data/source_assets.csv; dataset_relative_path=scene_28_9/calibrations/calib_camera_leopard_rearward_left_bottom_medium.json,EXTERNAL_SOURCE:TruckDrive/scene_28_9/calibrations/calib_camera_leopard_rearward_left_bottom_medium.json,9eb58712e4e00bf5f7f0ee38fb45b2daec4c464497f6c3d6da28a6d1e5f451ce,Released source file withheld from repository; publisher identity remains unverified
source_asset,scene_28_9|Vehicle:6|0324,dataset_original_annotation,data/source_assets.csv; dataset_relative_path=scene_28_9/annotations/bounding_boxes/0324_16202571464.json,EXTERNAL_SOURCE:TruckDrive/scene_28_9/annotations/bounding_boxes/0324_16202571464.json,b805588d8ae269b3b625460ced92b3293184b7870e1a44646bebc1e95a79b5b0,Released source file withheld from repository; publisher identity remains unverified
source_asset,scene_28_9|Vehicle:6|0324,dataset_original_Aeva_BIN,data/source_assets.csv; dataset_relative_path=scene_28_9/lidar/aeva/joint_lidars/points/0324_16230544384.bin,EXTERNAL_SOURCE:TruckDrive/scene_28_9/lidar/aeva/joint_lidars/points/0324_16230544384.bin,b026b8de17b86168f18a2d833a32aea6ca16fcae8612cc4703dc3c3c2aff797b,Released source file withheld from repository; publisher identity remains unverified
source_asset,scene_28_9|Vehicle:6|0324,dataset_original_camera_JPEG,data/source_assets.csv; dataset_relative_path=scene_28_9/camera/leopard/rearward_left_bottom_medium/images/0324_16202680989.jpg,EXTERNAL_SOURCE:TruckDrive/scene_28_9/camera/leopard/rearward_left_bottom_medium/images/0324_16202680989.jpg,10b9dc5266978eb9f2efd0746032442cd4336f7787ffb9ccd98dceffa2e28d0f,Released source file withheld from repository; publisher identity remains unverified
source_asset,scene_28_9|Vehicle:6|0324,dataset_original_calibration_TF,data/source_assets.csv; dataset_relative_path=scene_28_9/calibrations/calib_tf_tree_full.json,EXTERNAL_SOURCE:TruckDrive/scene_28_9/calibrations/calib_tf_tree_full.json,8b2373e46a9428371674b26e3e7089a45a54c50246eeefcc2fbb52f7453e2430,Released source file withheld from repository; publisher identity remains unverified
source_asset,scene_28_9|Vehicle:6|0324,dataset_original_calibration_camera,data/source_assets.csv; dataset_relative_path=scene_28_9/calibrations/calib_camera_leopard_rearward_left_bottom_medium.json,EXTERNAL_SOURCE:TruckDrive/scene_28_9/calibrations/calib_camera_leopard_rearward_left_bottom_medium.json,9eb58712e4e00bf5f7f0ee38fb45b2daec4c464497f6c3d6da28a6d1e5f451ce,Released source file withheld from repository; publisher identity remains unverified
source_asset,scene_28_9|Vehicle:8|0253,dataset_original_annotation,data/source_assets.csv; dataset_relative_path=scene_28_9/annotations/bounding_boxes/0253_12702560439.json,EXTERNAL_SOURCE:TruckDrive/scene_28_9/annotations/bounding_boxes/0253_12702560439.json,afc9563e0b04d7ef4e32b0e0778ee67001b253c187c2768487b411657e7bab6e,Released source file withheld from repository; publisher identity remains unverified
source_asset,scene_28_9|Vehicle:8|0253,dataset_original_Aeva_BIN,data/source_assets.csv; dataset_relative_path=scene_28_9/lidar/aeva/joint_lidars/points/0253_12730530560.bin,EXTERNAL_SOURCE:TruckDrive/scene_28_9/lidar/aeva/joint_lidars/points/0253_12730530560.bin,351d113a63280101a6c893fee31173705d0bafd782c7c9ea5df0d85046e41150,Released source file withheld from repository; publisher identity remains unverified
source_asset,scene_28_9|Vehicle:8|0253,dataset_original_camera_JPEG,data/source_assets.csv; dataset_relative_path=scene_28_9/camera/leopard/sideward_left_front_wide/images/0253_12702520814.jpg,EXTERNAL_SOURCE:TruckDrive/scene_28_9/camera/leopard/sideward_left_front_wide/images/0253_12702520814.jpg,271ff2bb5a5d72a133a9ce6e05d8fa95f77deaa0a8d21bf93e04fb3f2c9029f3,Released source file withheld from repository; publisher identity remains unverified
source_asset,scene_28_9|Vehicle:8|0253,dataset_original_calibration_TF,data/source_assets.csv; dataset_relative_path=scene_28_9/calibrations/calib_tf_tree_full.json,EXTERNAL_SOURCE:TruckDrive/scene_28_9/calibrations/calib_tf_tree_full.json,8b2373e46a9428371674b26e3e7089a45a54c50246eeefcc2fbb52f7453e2430,Released source file withheld from repository; publisher identity remains unverified
source_asset,scene_28_9|Vehicle:8|0253,dataset_original_calibration_camera,data/source_assets.csv; dataset_relative_path=scene_28_9/calibrations/calib_camera_leopard_sideward_left_front_wide.json,EXTERNAL_SOURCE:TruckDrive/scene_28_9/calibrations/calib_camera_leopard_sideward_left_front_wide.json,dc3ec03ae51e2ad8b3f0fb9745ddd2eb6ac2b937e369bd50f819a150b065bdf9,Released source file withheld from repository; publisher identity remains unverified
source_asset,scene_28_9|Vehicle:8|0340,dataset_original_annotation,data/source_assets.csv; dataset_relative_path=scene_28_9/annotations/bounding_boxes/0340_17002659989.json,EXTERNAL_SOURCE:TruckDrive/scene_28_9/annotations/bounding_boxes/0340_17002659989.json,5cc3733daed3663899e86c2d5f304e6acc5fd4fec00612539c2f52190dcd5be0,Released source file withheld from repository; publisher identity remains unverified
source_asset,scene_28_9|Vehicle:8|0340,dataset_original_Aeva_BIN,data/source_assets.csv; dataset_relative_path=scene_28_9/lidar/aeva/joint_lidars/points/0340_17030526976.bin,EXTERNAL_SOURCE:TruckDrive/scene_28_9/lidar/aeva/joint_lidars/points/0340_17030526976.bin,94dd84b4f9c030ebb1cd4667e404b8da2c5a66c3e561765edbaa96a1ec0e68b6,Released source file withheld from repository; publisher identity remains unverified
source_asset,scene_28_9|Vehicle:8|0340,dataset_original_camera_JPEG,data/source_assets.csv; dataset_relative_path=scene_28_9/camera/leopard/rearward_left_bottom_medium/images/0340_17002597014.jpg,EXTERNAL_SOURCE:TruckDrive/scene_28_9/camera/leopard/rearward_left_bottom_medium/images/0340_17002597014.jpg,2cb7b8d1a2c564b4781cb0d204043c4722b657976779dbc4b4e2d7200abd6361,Released source file withheld from repository; publisher identity remains unverified
source_asset,scene_28_9|Vehicle:8|0340,dataset_original_calibration_TF,data/source_assets.csv; dataset_relative_path=scene_28_9/calibrations/calib_tf_tree_full.json,EXTERNAL_SOURCE:TruckDrive/scene_28_9/calibrations/calib_tf_tree_full.json,8b2373e46a9428371674b26e3e7089a45a54c50246eeefcc2fbb52f7453e2430,Released source file withheld from repository; publisher identity remains unverified
source_asset,scene_28_9|Vehicle:8|0340,dataset_original_calibration_camera,data/source_assets.csv; dataset_relative_path=scene_28_9/calibrations/calib_camera_leopard_rearward_left_bottom_medium.json,EXTERNAL_SOURCE:TruckDrive/scene_28_9/calibrations/calib_camera_leopard_rearward_left_bottom_medium.json,9eb58712e4e00bf5f7f0ee38fb45b2daec4c464497f6c3d6da28a6d1e5f451ce,Released source file withheld from repository; publisher identity remains unverified
source_asset,scene_28_12|Vehicle:9|0086,dataset_original_annotation,data/source_assets.csv; dataset_relative_path=scene_28_12/annotations/bounding_boxes/0086_4372292353.json,EXTERNAL_SOURCE:TruckDrive/scene_28_12/annotations/bounding_boxes/0086_4372292353.json,cc55339a02d9831bfe2f16811fd4196c7cb25ee37d54c745b44e5f1cb4aa4a38,Released source file withheld from repository; publisher identity remains unverified
source_asset,scene_28_12|Vehicle:9|0086,dataset_original_Aeva_BIN,data/source_assets.csv; dataset_relative_path=scene_28_12/lidar/aeva/joint_lidars/points/0086_4400321536.bin,EXTERNAL_SOURCE:TruckDrive/scene_28_12/lidar/aeva/joint_lidars/points/0086_4400321536.bin,2187211b5bb2e0f713d56232c017904174ff8db81e3de2d1be4049b9c0fa2f75,Released source file withheld from repository; publisher identity remains unverified
source_asset,scene_28_12|Vehicle:9|0086,dataset_original_camera_JPEG,data/source_assets.csv; dataset_relative_path=scene_28_12/camera/leopard/rearward_left_bottom_medium/images/0086_4372386578.jpg,EXTERNAL_SOURCE:TruckDrive/scene_28_12/camera/leopard/rearward_left_bottom_medium/images/0086_4372386578.jpg,c48fec1828df859e6a83d178a2f104e2f87d44c718b52e9db6d86cffbc571e13,Released source file withheld from repository; publisher identity remains unverified
source_asset,scene_28_12|Vehicle:9|0086,dataset_original_calibration_TF,data/source_assets.csv; dataset_relative_path=scene_28_12/calibrations/calib_tf_tree_full.json,EXTERNAL_SOURCE:TruckDrive/scene_28_12/calibrations/calib_tf_tree_full.json,8b2373e46a9428371674b26e3e7089a45a54c50246eeefcc2fbb52f7453e2430,Released source file withheld from repository; publisher identity remains unverified
source_asset,scene_28_12|Vehicle:9|0086,dataset_original_calibration_camera,data/source_assets.csv; dataset_relative_path=scene_28_12/calibrations/calib_camera_leopard_rearward_left_bottom_medium.json,EXTERNAL_SOURCE:TruckDrive/scene_28_12/calibrations/calib_camera_leopard_rearward_left_bottom_medium.json,84f88a8fea9ecfd70b1f79fd2dd9c28181f99158b768fc1b74a7357a30948535,Released source file withheld from repository; publisher identity remains unverified
source_asset,scene_28_12|Vehicle:9|0126,dataset_original_annotation,data/source_assets.csv; dataset_relative_path=scene_28_12/annotations/bounding_boxes/0126_6372369878.json,EXTERNAL_SOURCE:TruckDrive/scene_28_12/annotations/bounding_boxes/0126_6372369878.json,3abeb0f9fb2504366e9cb1d3acd038fda5d4778d67442ecef9ad356e0f210f82,Released source file withheld from repository; publisher identity remains unverified
source_asset,scene_28_12|Vehicle:9|0126,dataset_original_Aeva_BIN,data/source_assets.csv; dataset_relative_path=scene_28_12/lidar/aeva/joint_lidars/points/0126_6400329216.bin,EXTERNAL_SOURCE:TruckDrive/scene_28_12/lidar/aeva/joint_lidars/points/0126_6400329216.bin,591130a75a51d6a4e17a35eb750097fdaa1e96e5f38d5adf24340bd629753105,Released source file withheld from repository; publisher identity remains unverified
source_asset,scene_28_12|Vehicle:9|0126,dataset_original_camera_JPEG,data/source_assets.csv; dataset_relative_path=scene_28_12/camera/leopard/rearward_left_bottom_medium/images/0126_6372450278.jpg,EXTERNAL_SOURCE:TruckDrive/scene_28_12/camera/leopard/rearward_left_bottom_medium/images/0126_6372450278.jpg,0d10efd88bf52337223ef592f0439933c487fda8a13042d8036a201fe9048770,Released source file withheld from repository; publisher identity remains unverified
source_asset,scene_28_12|Vehicle:9|0126,dataset_original_calibration_TF,data/source_assets.csv; dataset_relative_path=scene_28_12/calibrations/calib_tf_tree_full.json,EXTERNAL_SOURCE:TruckDrive/scene_28_12/calibrations/calib_tf_tree_full.json,8b2373e46a9428371674b26e3e7089a45a54c50246eeefcc2fbb52f7453e2430,Released source file withheld from repository; publisher identity remains unverified
source_asset,scene_28_12|Vehicle:9|0126,dataset_original_calibration_camera,data/source_assets.csv; dataset_relative_path=scene_28_12/calibrations/calib_camera_leopard_rearward_left_bottom_medium.json,EXTERNAL_SOURCE:TruckDrive/scene_28_12/calibrations/calib_camera_leopard_rearward_left_bottom_medium.json,84f88a8fea9ecfd70b1f79fd2dd9c28181f99158b768fc1b74a7357a30948535,Released source file withheld from repository; publisher identity remains unverified
source_asset,scene_28_12|Vehicle:11|0100,dataset_original_annotation,data/source_assets.csv; dataset_relative_path=scene_28_12/annotations/bounding_boxes/0100_5072287378.json,EXTERNAL_SOURCE:TruckDrive/scene_28_12/annotations/bounding_boxes/0100_5072287378.json,01d5209774d1f334a3c31e0250f7861dc6744261b9ba9d22dec4c6308eaa3298,Released source file withheld from repository; publisher identity remains unverified
source_asset,scene_28_12|Vehicle:11|0100,dataset_original_Aeva_BIN,data/source_assets.csv; dataset_relative_path=scene_28_12/lidar/aeva/joint_lidars/points/0100_5100320000.bin,EXTERNAL_SOURCE:TruckDrive/scene_28_12/lidar/aeva/joint_lidars/points/0100_5100320000.bin,8a52029fe33aa5ec675f8a80296e5d97fdd3bbecea33d857af5a91d1db2e9f9c,Released source file withheld from repository; publisher identity remains unverified
source_asset,scene_28_12|Vehicle:11|0100,dataset_original_camera_JPEG,data/source_assets.csv; dataset_relative_path=scene_28_12/camera/leopard/sideward_left_front_wide/images/0100_5072400028.jpg,EXTERNAL_SOURCE:TruckDrive/scene_28_12/camera/leopard/sideward_left_front_wide/images/0100_5072400028.jpg,ee47f45368aa552e6838122bf50ca90c83c48220ca3b2cd30197e256d22245fd,Released source file withheld from repository; publisher identity remains unverified
source_asset,scene_28_12|Vehicle:11|0100,dataset_original_calibration_TF,data/source_assets.csv; dataset_relative_path=scene_28_12/calibrations/calib_tf_tree_full.json,EXTERNAL_SOURCE:TruckDrive/scene_28_12/calibrations/calib_tf_tree_full.json,8b2373e46a9428371674b26e3e7089a45a54c50246eeefcc2fbb52f7453e2430,Released source file withheld from repository; publisher identity remains unverified
source_asset,scene_28_12|Vehicle:11|0100,dataset_original_calibration_camera,data/source_assets.csv; dataset_relative_path=scene_28_12/calibrations/calib_camera_leopard_sideward_left_front_wide.json,EXTERNAL_SOURCE:TruckDrive/scene_28_12/calibrations/calib_camera_leopard_sideward_left_front_wide.json,4fd8423591fb8a9438583b90c6c06c302567f8653972f45359b3c59f270598ff,Released source file withheld from repository; publisher identity remains unverified
source_asset,scene_28_12|Vehicle:11|0062,dataset_original_annotation,data/source_assets.csv; dataset_relative_path=scene_28_12/annotations/bounding_boxes/0062_3172315028.json,EXTERNAL_SOURCE:TruckDrive/scene_28_12/annotations/bounding_boxes/0062_3172315028.json,98df0c5458e8f800e8600e5589744bda00c1cb277e2747f76ed5eefdfa174d11,Released source file withheld from repository; publisher identity remains unverified
source_asset,scene_28_12|Vehicle:11|0062,dataset_original_Aeva_BIN,data/source_assets.csv; dataset_relative_path=scene_28_12/lidar/aeva/joint_lidars/points/0062_3200299776.bin,EXTERNAL_SOURCE:TruckDrive/scene_28_12/lidar/aeva/joint_lidars/points/0062_3200299776.bin,701f3d5acf47457e3c7c36b831ee73a2a12a1f404256089df7547d37bd0ce8ac,Released source file withheld from repository; publisher identity remains unverified
source_asset,scene_28_12|Vehicle:11|0062,dataset_original_camera_JPEG,data/source_assets.csv; dataset_relative_path=scene_28_12/camera/leopard/forward_center_medium/images/0062_3172315028.jpg,EXTERNAL_SOURCE:TruckDrive/scene_28_12/camera/leopard/forward_center_medium/images/0062_3172315028.jpg,deb527a3a5703f63f577f1de18e352f6b6bcc67626ef69403ea68a8976a9ed45,Released source file withheld from repository; publisher identity remains unverified
source_asset,scene_28_12|Vehicle:11|0062,dataset_original_calibration_TF,data/source_assets.csv; dataset_relative_path=scene_28_12/calibrations/calib_tf_tree_full.json,EXTERNAL_SOURCE:TruckDrive/scene_28_12/calibrations/calib_tf_tree_full.json,8b2373e46a9428371674b26e3e7089a45a54c50246eeefcc2fbb52f7453e2430,Released source file withheld from repository; publisher identity remains unverified
source_asset,scene_28_12|Vehicle:11|0062,dataset_original_calibration_camera,data/source_assets.csv; dataset_relative_path=scene_28_12/calibrations/calib_camera_leopard_forward_center_medium.json,EXTERNAL_SOURCE:TruckDrive/scene_28_12/calibrations/calib_camera_leopard_forward_center_medium.json,b10f5676f2037b885346a379bf42553e769c96e8fc707aeb66cb2ebb416dbeb9,Released source file withheld from repository; publisher identity remains unverified
source_asset,scene_35_31|Vehicle:97|0129,dataset_original_annotation,data/source_assets.csv; dataset_relative_path=scene_35_31/annotations/bounding_boxes/0129_12872043305.json,EXTERNAL_SOURCE:TruckDrive/scene_35_31/annotations/bounding_boxes/0129_12872043305.json,2b58552093ec68a2189a8856191503d6444a14d0f87abfd6dea3043e636b4417,Released source file withheld from repository; publisher identity remains unverified
source_asset,scene_35_31|Vehicle:97|0129,dataset_original_Aeva_BIN,data/source_assets.csv; dataset_relative_path=scene_35_31/lidar/aeva/joint_lidars/points/0129_12900100608.bin,EXTERNAL_SOURCE:TruckDrive/scene_35_31/lidar/aeva/joint_lidars/points/0129_12900100608.bin,cec72c3824e356c943f5b4bb49f7c0a619aef3c0ec773401a9dc9408cdea5b54,Released source file withheld from repository; publisher identity remains unverified
source_asset,scene_35_31|Vehicle:97|0129,dataset_original_camera_JPEG,data/source_assets.csv; dataset_relative_path=scene_35_31/camera/leopard/sideward_left_front_wide/images/0129_12872110380.jpg,EXTERNAL_SOURCE:TruckDrive/scene_35_31/camera/leopard/sideward_left_front_wide/images/0129_12872110380.jpg,c45fc2d1da8d5ef3a459fbec353670491cf977214a53b887e44d38f8f00fd778,Released source file withheld from repository; publisher identity remains unverified
source_asset,scene_35_31|Vehicle:97|0129,dataset_original_calibration_TF,data/source_assets.csv; dataset_relative_path=scene_35_31/calibrations/calib_tf_tree_full.json,EXTERNAL_SOURCE:TruckDrive/scene_35_31/calibrations/calib_tf_tree_full.json,fe1664f077cfc746d1054d69931bd812c5b1af87ee8e905f7ebeff85f521bfac,Released source file withheld from repository; publisher identity remains unverified
source_asset,scene_35_31|Vehicle:97|0129,dataset_original_calibration_camera,data/source_assets.csv; dataset_relative_path=scene_35_31/calibrations/calib_camera_leopard_sideward_left_front_wide.json,EXTERNAL_SOURCE:TruckDrive/scene_35_31/calibrations/calib_camera_leopard_sideward_left_front_wide.json,6878312bc030978c618ac6941d6e75a9d0b9617ffb9c0813d2448fe5968cda0e,Released source file withheld from repository; publisher identity remains unverified
source_asset,scene_36_39|RoadObstruction:5|0090,dataset_original_annotation,data/source_assets.csv; dataset_relative_path=scene_36_39/annotations/bounding_boxes/0090_8972037150.json,EXTERNAL_SOURCE:TruckDrive/scene_36_39/annotations/bounding_boxes/0090_8972037150.json,3acfea9bc3d98c28f7f2ea2748656a3d6a4830fcd5da8dbd174297f39dd83714,Released source file withheld from repository; publisher identity remains unverified
source_asset,scene_36_39|RoadObstruction:5|0090,dataset_original_Aeva_BIN,data/source_assets.csv; dataset_relative_path=scene_36_39/lidar/aeva/joint_lidars/points/0090_8999981568.bin,EXTERNAL_SOURCE:TruckDrive/scene_36_39/lidar/aeva/joint_lidars/points/0090_8999981568.bin,89ca100ca4a46b3dbe10105e535bbd5cb77dc69937f8a55cfca8ec2b1f4a3187,Released source file withheld from repository; publisher identity remains unverified
source_asset,scene_36_39|RoadObstruction:5|0090,dataset_original_camera_JPEG,data/source_assets.csv; dataset_relative_path=scene_36_39/camera/leopard/forward_center_medium/images/0090_8972037150.jpg,EXTERNAL_SOURCE:TruckDrive/scene_36_39/camera/leopard/forward_center_medium/images/0090_8972037150.jpg,c8b0675a8487ef50deab2aea90214fcd0d30e0e51d8a50158b9c944f3b7f010a,Released source file withheld from repository; publisher identity remains unverified
source_asset,scene_36_39|RoadObstruction:5|0090,dataset_original_calibration_TF,data/source_assets.csv; dataset_relative_path=scene_36_39/calibrations/calib_tf_tree_full.json,EXTERNAL_SOURCE:TruckDrive/scene_36_39/calibrations/calib_tf_tree_full.json,37fe60fc9d17efb6273b78ad7505d6d58f15db7878da94af05b9aad1798589fa,Released source file withheld from repository; publisher identity remains unverified
source_asset,scene_36_39|RoadObstruction:5|0090,dataset_original_calibration_camera,data/source_assets.csv; dataset_relative_path=scene_36_39/calibrations/calib_camera_leopard_forward_center_medium.json,EXTERNAL_SOURCE:TruckDrive/scene_36_39/calibrations/calib_camera_leopard_forward_center_medium.json,d251e3baeeff53d62fb3c9f0f8fedd9b2f10735e1e4a2ac4d1c90c3d0f2d1443,Released source file withheld from repository; publisher identity remains unverified
source_asset,scene_28_9|RoadObstruction:22|0346,dataset_original_annotation,data/source_assets.csv; dataset_relative_path=scene_28_9/annotations/bounding_boxes/0346_17302619914.json,EXTERNAL_SOURCE:TruckDrive/scene_28_9/annotations/bounding_boxes/0346_17302619914.json,6c774ade8fa20c26ed16c52a6b5c8808aa21bd620b276c85dbb7c9c1b5a4b46b,Released source file withheld from repository; publisher identity remains unverified
source_asset,scene_28_9|RoadObstruction:22|0346,dataset_original_Aeva_BIN,data/source_assets.csv; dataset_relative_path=scene_28_9/lidar/aeva/joint_lidars/points/0346_17330528768.bin,EXTERNAL_SOURCE:TruckDrive/scene_28_9/lidar/aeva/joint_lidars/points/0346_17330528768.bin,6ea92a5e3c2ccfc4d933e5b02aac4e92dbb9ffcc0fe34368771e263d5d217b50,Released source file withheld from repository; publisher identity remains unverified
source_asset,scene_28_9|RoadObstruction:22|0346,dataset_original_camera_JPEG,data/source_assets.csv; dataset_relative_path=scene_28_9/camera/leopard/rearward_left_bottom_medium/images/0346_17302554139.jpg,EXTERNAL_SOURCE:TruckDrive/scene_28_9/camera/leopard/rearward_left_bottom_medium/images/0346_17302554139.jpg,95b5ab5403ca39d1524e511a010be97a0b878d3860ddc3ee44f25ace77ab5445,Released source file withheld from repository; publisher identity remains unverified
source_asset,scene_28_9|RoadObstruction:22|0346,dataset_original_calibration_TF,data/source_assets.csv; dataset_relative_path=scene_28_9/calibrations/calib_tf_tree_full.json,EXTERNAL_SOURCE:TruckDrive/scene_28_9/calibrations/calib_tf_tree_full.json,8b2373e46a9428371674b26e3e7089a45a54c50246eeefcc2fbb52f7453e2430,Released source file withheld from repository; publisher identity remains unverified
source_asset,scene_28_9|RoadObstruction:22|0346,dataset_original_calibration_camera,data/source_assets.csv; dataset_relative_path=scene_28_9/calibrations/calib_camera_leopard_rearward_left_bottom_medium.json,EXTERNAL_SOURCE:TruckDrive/scene_28_9/calibrations/calib_camera_leopard_rearward_left_bottom_medium.json,9eb58712e4e00bf5f7f0ee38fb45b2daec4c464497f6c3d6da28a6d1e5f451ce,Released source file withheld from repository; publisher identity remains unverified
source_asset,scene_28_9|RoadObstruction:18|0107,dataset_original_annotation,data/source_assets.csv; dataset_relative_path=scene_28_9/annotations/bounding_boxes/0107_5402601914.json,EXTERNAL_SOURCE:TruckDrive/scene_28_9/annotations/bounding_boxes/0107_5402601914.json,c68b1423bd7f470579f686947d80764eb08e7535f3e98f7c9d848cfe79f7500f,Released source file withheld from repository; publisher identity remains unverified
source_asset,scene_28_9|RoadObstruction:18|0107,dataset_original_Aeva_BIN,data/source_assets.csv; dataset_relative_path=scene_28_9/lidar/aeva/joint_lidars/points/0107_5430499584.bin,EXTERNAL_SOURCE:TruckDrive/scene_28_9/lidar/aeva/joint_lidars/points/0107_5430499584.bin,a03f3ea0375b3bd0e6405af67fca938351f2095cbe26bc4be009b16f9a742ec9,Released source file withheld from repository; publisher identity remains unverified
source_asset,scene_28_9|RoadObstruction:18|0107,dataset_original_camera_JPEG,data/source_assets.csv; dataset_relative_path=scene_28_9/camera/leopard/forward_center_medium/images/0107_5402601914.jpg,EXTERNAL_SOURCE:TruckDrive/scene_28_9/camera/leopard/forward_center_medium/images/0107_5402601914.jpg,be0c71655fc836677d6acf41da2d32cba6c83f6b509dbae8bc167f8dd5580c1f,Released source file withheld from repository; publisher identity remains unverified
source_asset,scene_28_9|RoadObstruction:18|0107,dataset_original_calibration_TF,data/source_assets.csv; dataset_relative_path=scene_28_9/calibrations/calib_tf_tree_full.json,EXTERNAL_SOURCE:TruckDrive/scene_28_9/calibrations/calib_tf_tree_full.json,8b2373e46a9428371674b26e3e7089a45a54c50246eeefcc2fbb52f7453e2430,Released source file withheld from repository; publisher identity remains unverified
source_asset,scene_28_9|RoadObstruction:18|0107,dataset_original_calibration_camera,data/source_assets.csv; dataset_relative_path=scene_28_9/calibrations/calib_camera_leopard_forward_center_medium.json,EXTERNAL_SOURCE:TruckDrive/scene_28_9/calibrations/calib_camera_leopard_forward_center_medium.json,916c7ef961ccf789887e9859e96f40a5c3bc3255a787022c695f0282a69592c0,Released source file withheld from repository; publisher identity remains unverified
source_asset,scene_36_39|RoadObstruction:7|0057,dataset_original_annotation,data/source_assets.csv; dataset_relative_path=scene_36_39/annotations/bounding_boxes/0057_5672058500.json,EXTERNAL_SOURCE:TruckDrive/scene_36_39/annotations/bounding_boxes/0057_5672058500.json,61916498988fcfe10f513ad6952d83e8be601c6006ee070aa7c5af9fa097230c,Released source file withheld from repository; publisher identity remains unverified
source_asset,scene_36_39|RoadObstruction:7|0057,dataset_original_Aeva_BIN,data/source_assets.csv; dataset_relative_path=scene_36_39/lidar/aeva/joint_lidars/points/0057_5699987200.bin,EXTERNAL_SOURCE:TruckDrive/scene_36_39/lidar/aeva/joint_lidars/points/0057_5699987200.bin,913ad257ed96cb803a470eedf3c7c11319f27d02ce10eedef5b9c89f66c48914,Released source file withheld from repository; publisher identity remains unverified
source_asset,scene_36_39|RoadObstruction:7|0057,dataset_original_camera_JPEG,data/source_assets.csv; dataset_relative_path=scene_36_39/camera/leopard/forward_center_medium/images/0057_5672058500.jpg,EXTERNAL_SOURCE:TruckDrive/scene_36_39/camera/leopard/forward_center_medium/images/0057_5672058500.jpg,3951a270094d5ad6c8cbe1cfa8ac420b67cb920cdf4e9533a00dcb8ee6bf39d2,Released source file withheld from repository; publisher identity remains unverified
source_asset,scene_36_39|RoadObstruction:7|0057,dataset_original_calibration_TF,data/source_assets.csv; dataset_relative_path=scene_36_39/calibrations/calib_tf_tree_full.json,EXTERNAL_SOURCE:TruckDrive/scene_36_39/calibrations/calib_tf_tree_full.json,37fe60fc9d17efb6273b78ad7505d6d58f15db7878da94af05b9aad1798589fa,Released source file withheld from repository; publisher identity remains unverified
source_asset,scene_36_39|RoadObstruction:7|0057,dataset_original_calibration_camera,data/source_assets.csv; dataset_relative_path=scene_36_39/calibrations/calib_camera_leopard_forward_center_medium.json,EXTERNAL_SOURCE:TruckDrive/scene_36_39/calibrations/calib_camera_leopard_forward_center_medium.json,d251e3baeeff53d62fb3c9f0f8fedd9b2f10735e1e4a2ac4d1c90c3d0f2d1443,Released source file withheld from repository; publisher identity remains unverified
source_asset,scene_36_39|Vehicle:10|0070,dataset_original_camera_JPEG_unconfirmed_extra,data/source_assets.csv; dataset_relative_path=scene_36_39/camera/leopard/sideward_right_front_wide/images/0070_6972003100.jpg,EXTERNAL_SOURCE:TruckDrive/scene_36_39/camera/leopard/sideward_right_front_wide/images/0070_6972003100.jpg,0c43952ae8d823a3556174f63e3ad18ceccc755bbcc2d624106bf28b45b4a325,Released source file withheld from repository; publisher identity remains unverified
source_asset,scene_36_39|Vehicle:10|0070,dataset_original_calibration_camera_unconfirmed_extra,data/source_assets.csv; dataset_relative_path=scene_36_39/calibrations/calib_camera_leopard_sideward_right_front_wide.json,EXTERNAL_SOURCE:TruckDrive/scene_36_39/calibrations/calib_camera_leopard_sideward_right_front_wide.json,b2d5241a6fa7555b77e38198583c87cc4e08e997740bac76dcc6b104f2fa4a9b,Released source file withheld from repository; publisher identity remains unverified
source_asset,scene_36_39|RoadObstruction:5|0090,dataset_original_camera_JPEG_supplementary_overlap,data/source_assets.csv; dataset_relative_path=scene_36_39/camera/leopard/sideward_left_front_wide/images/0090_8971938925.jpg,EXTERNAL_SOURCE:TruckDrive/scene_36_39/camera/leopard/sideward_left_front_wide/images/0090_8971938925.jpg,203dccbc0f1e8ae1b412c5d03e5ec2be1e71037eda5ec5370fa2029f31c97203,Released source file withheld from repository; publisher identity remains unverified
source_asset,scene_36_39|RoadObstruction:5|0090,dataset_original_calibration_camera_supplementary_overlap,data/source_assets.csv; dataset_relative_path=scene_36_39/calibrations/calib_camera_leopard_sideward_left_front_wide.json,EXTERNAL_SOURCE:TruckDrive/scene_36_39/calibrations/calib_camera_leopard_sideward_left_front_wide.json,7802dd3f105797c751c514e0d7ff38974e65d5c6b9d053f43111e0a02ca27578,Released source file withheld from repository; publisher identity remains unverified
source_asset,scene_28_9|RoadObstruction:18|0107,dataset_original_camera_JPEG_supplementary_overlap,data/source_assets.csv; dataset_relative_path=scene_28_9/camera/leopard/sideward_left_front_wide/images/0107_5402565289.jpg,EXTERNAL_SOURCE:TruckDrive/scene_28_9/camera/leopard/sideward_left_front_wide/images/0107_5402565289.jpg,ab5153dc98607852576cdc44f4a30850a313e953fe06ab76c94ce74cbdc60c86,Released source file withheld from repository; publisher identity remains unverified
source_asset,scene_28_9|RoadObstruction:18|0107,dataset_original_calibration_camera_supplementary_overlap,data/source_assets.csv; dataset_relative_path=scene_28_9/calibrations/calib_camera_leopard_sideward_left_front_wide.json,EXTERNAL_SOURCE:TruckDrive/scene_28_9/calibrations/calib_camera_leopard_sideward_left_front_wide.json,dc3ec03ae51e2ad8b3f0fb9745ddd2eb6ac2b937e369bd50f819a150b065bdf9,Released source file withheld from repository; publisher identity remains unverified
source_asset,scene_36_39|RoadObstruction:7|0057,dataset_original_camera_JPEG_supplementary_overlap,data/source_assets.csv; dataset_relative_path=scene_36_39/camera/leopard/sideward_left_front_wide/images/0057_5671964875.jpg,EXTERNAL_SOURCE:TruckDrive/scene_36_39/camera/leopard/sideward_left_front_wide/images/0057_5671964875.jpg,4d49a0cfbbb2b7f0b1db28f785fe1afb2abf7faefbdb00a2f6e35b7d95a2a4cb,Released source file withheld from repository; publisher identity remains unverified
source_asset,scene_36_39|RoadObstruction:7|0057,dataset_original_calibration_camera_supplementary_overlap,data/source_assets.csv; dataset_relative_path=scene_36_39/calibrations/calib_camera_leopard_sideward_left_front_wide.json,EXTERNAL_SOURCE:TruckDrive/scene_36_39/calibrations/calib_camera_leopard_sideward_left_front_wide.json,7802dd3f105797c751c514e0d7ff38974e65d5c6b9d053f43111e0a02ca27578,Released source file withheld from repository; publisher identity remains unverified
metric,scene_36_27|Vehicle:3|0118,M001:N,data/measurements.json#/metrics/0/value,SOURCE_NOT_INCLUDED/F01_NEAR_MID_SURFACE_RESULT.json/N,2e40b7b6ef150a2aa0083f0ddeab216df43bd4dbaa1bdce28ac7fb0bfc5bd9b5,"Existing value; original source hash is provenance, not a hash of the public extract"
metric,scene_36_27|Vehicle:3|0118,M002:inside_full_OBB_N,data/measurements.json#/metrics/1/value,SOURCE_NOT_INCLUDED/F01_NEAR_MID_SURFACE_RESULT.json/inside_full_OBB_N,2e40b7b6ef150a2aa0083f0ddeab216df43bd4dbaa1bdce28ac7fb0bfc5bd9b5,"Existing value; original source hash is provenance, not a hash of the public extract"
metric,scene_36_27|Vehicle:3|0118,M003:outside_selected_face_N,data/measurements.json#/metrics/2/value,SOURCE_NOT_INCLUDED/F01_NEAR_MID_SURFACE_RESULT.json/outside_selected_face_N,2e40b7b6ef150a2aa0083f0ddeab216df43bd4dbaa1bdce28ac7fb0bfc5bd9b5,"Existing value; original source hash is provenance, not a hash of the public extract"
metric,scene_36_27|Vehicle:3|0118,M004:selected_face_clearance_min,data/measurements.json#/metrics/3/value,SOURCE_NOT_INCLUDED/F01_NEAR_MID_SURFACE_RESULT.json/signed_selected_face_clearance_min_p05_p25_median_p75_p95_max_m/0,2e40b7b6ef150a2aa0083f0ddeab216df43bd4dbaa1bdce28ac7fb0bfc5bd9b5,"Existing value; original source hash is provenance, not a hash of the public extract"
metric,scene_36_27|Vehicle:3|0118,M005:selected_face_clearance_p05,data/measurements.json#/metrics/4/value,SOURCE_NOT_INCLUDED/F01_NEAR_MID_SURFACE_RESULT.json/signed_selected_face_clearance_min_p05_p25_median_p75_p95_max_m/1,2e40b7b6ef150a2aa0083f0ddeab216df43bd4dbaa1bdce28ac7fb0bfc5bd9b5,"Existing value; original source hash is provenance, not a hash of the public extract"
metric,scene_36_27|Vehicle:3|0118,M006:selected_face_clearance_p25,data/measurements.json#/metrics/5/value,SOURCE_NOT_INCLUDED/F01_NEAR_MID_SURFACE_RESULT.json/signed_selected_face_clearance_min_p05_p25_median_p75_p95_max_m/2,2e40b7b6ef150a2aa0083f0ddeab216df43bd4dbaa1bdce28ac7fb0bfc5bd9b5,"Existing value; original source hash is provenance, not a hash of the public extract"
metric,scene_36_27|Vehicle:3|0118,M007:selected_face_clearance_median,data/measurements.json#/metrics/6/value,SOURCE_NOT_INCLUDED/F01_NEAR_MID_SURFACE_RESULT.json/signed_selected_face_clearance_min_p05_p25_median_p75_p95_max_m/3,2e40b7b6ef150a2aa0083f0ddeab216df43bd4dbaa1bdce28ac7fb0bfc5bd9b5,"Existing value; original source hash is provenance, not a hash of the public extract"
metric,scene_36_27|Vehicle:3|0118,M008:selected_face_clearance_p75,data/measurements.json#/metrics/7/value,SOURCE_NOT_INCLUDED/F01_NEAR_MID_SURFACE_RESULT.json/signed_selected_face_clearance_min_p05_p25_median_p75_p95_max_m/4,2e40b7b6ef150a2aa0083f0ddeab216df43bd4dbaa1bdce28ac7fb0bfc5bd9b5,"Existing value; original source hash is provenance, not a hash of the public extract"
metric,scene_36_27|Vehicle:3|0118,M009:selected_face_clearance_p95,data/measurements.json#/metrics/8/value,SOURCE_NOT_INCLUDED/F01_NEAR_MID_SURFACE_RESULT.json/signed_selected_face_clearance_min_p05_p25_median_p75_p95_max_m/5,2e40b7b6ef150a2aa0083f0ddeab216df43bd4dbaa1bdce28ac7fb0bfc5bd9b5,"Existing value; original source hash is provenance, not a hash of the public extract"
metric,scene_36_27|Vehicle:3|0118,M010:selected_face_clearance_max,data/measurements.json#/metrics/9/value,SOURCE_NOT_INCLUDED/F01_NEAR_MID_SURFACE_RESULT.json/signed_selected_face_clearance_min_p05_p25_median_p75_p95_max_m/6,2e40b7b6ef150a2aa0083f0ddeab216df43bd4dbaa1bdce28ac7fb0bfc5bd9b5,"Existing value; original source hash is provenance, not a hash of the public extract"
metric,scene_36_27|Vehicle:3|0118,M011:sensor_1_N,data/measurements.json#/metrics/10/value,SOURCE_NOT_INCLUDED/F01_NEAR_MID_SURFACE_RESULT.json/per_sensor_statistics/1/N,2e40b7b6ef150a2aa0083f0ddeab216df43bd4dbaa1bdce28ac7fb0bfc5bd9b5,"Existing value; original source hash is provenance, not a hash of the public extract"
metric,scene_36_27|Vehicle:3|0118,M012:sensor_1_median_clearance,data/measurements.json#/metrics/11/value,SOURCE_NOT_INCLUDED/F01_NEAR_MID_SURFACE_RESULT.json/per_sensor_statistics/1/signed_selected_face_clearance_min_p05_p25_median_p75_p95_max_m/3,2e40b7b6ef150a2aa0083f0ddeab216df43bd4dbaa1bdce28ac7fb0bfc5bd9b5,"Existing value; original source hash is provenance, not a hash of the public extract"
metric,scene_36_27|Vehicle:3|0118,M013:sensor_2_N,data/measurements.json#/metrics/12/value,SOURCE_NOT_INCLUDED/F01_NEAR_MID_SURFACE_RESULT.json/per_sensor_statistics/2/N,2e40b7b6ef150a2aa0083f0ddeab216df43bd4dbaa1bdce28ac7fb0bfc5bd9b5,"Existing value; original source hash is provenance, not a hash of the public extract"
metric,scene_36_27|Vehicle:3|0118,M014:sensor_2_median_clearance,data/measurements.json#/metrics/13/value,SOURCE_NOT_INCLUDED/F01_NEAR_MID_SURFACE_RESULT.json/per_sensor_statistics/2/signed_selected_face_clearance_min_p05_p25_median_p75_p95_max_m/3,2e40b7b6ef150a2aa0083f0ddeab216df43bd4dbaa1bdce28ac7fb0bfc5bd9b5,"Existing value; original source hash is provenance, not a hash of the public extract"
metric,scene_36_27|Vehicle:3|0118,M015:Aeva_minus_annotation_filename_ms,data/measurements.json#/metrics/14/value,SOURCE_NOT_INCLUDED/F01_NEAR_MID_SURFACE_RESULT.json/Aeva_minus_annotation_filename_ms,2e40b7b6ef150a2aa0083f0ddeab216df43bd4dbaa1bdce28ac7fb0bfc5bd9b5,"Existing value; original source hash is provenance, not a hash of the public extract"
metric,scene_36_27|Vehicle:3|0118,M016:Aeva_minus_JPEG_filename_ms,data/measurements.json#/metrics/15/value,SOURCE_NOT_INCLUDED/F01_NEAR_MID_SURFACE_RESULT.json/Aeva_minus_JPEG_filename_ms,2e40b7b6ef150a2aa0083f0ddeab216df43bd4dbaa1bdce28ac7fb0bfc5bd9b5,"Existing value; original source hash is provenance, not a hash of the public extract"
metric,scene_36_27|Vehicle:3|0118,M017:raw_point_N,data/measurements.json#/metrics/16/value,SOURCE_NOT_INCLUDED/F01_NEAR_MID_NATIVE_CHAIN.json/raw_point_N,1e01f6eaf9e6c1a5387883f04f2b54bbd67182064ea72bd0c6286ba14ac1e3b3,"Existing value; original source hash is provenance, not a hash of the public extract"
metric,scene_36_27|Vehicle:3|0118,M018:GT_OBB_points,data/measurements.json#/metrics/17/value,SOURCE_NOT_INCLUDED/F01_NEAR_MID_NATIVE_CHAIN.json/GT_OBB_points,1e01f6eaf9e6c1a5387883f04f2b54bbd67182064ea72bd0c6286ba14ac1e3b3,"Existing value; original source hash is provenance, not a hash of the public extract"
metric,scene_36_27|Vehicle:3|0118,M019:Aeva_to_Velodyne_frozen_maxabs_difference,data/measurements.json#/metrics/18/value,SOURCE_NOT_INCLUDED/F01_NEAR_MID_NATIVE_CHAIN.json/Aeva_to_Velodyne_frozen_maxabs_difference,1e01f6eaf9e6c1a5387883f04f2b54bbd67182064ea72bd0c6286ba14ac1e3b3,"Existing value; original source hash is provenance, not a hash of the public extract"
metric,scene_36_27|Vehicle:3|0118,M020:camera_projection_frozen_maxabs_difference,data/measurements.json#/metrics/19/value,SOURCE_NOT_INCLUDED/F01_NEAR_MID_NATIVE_CHAIN.json/camera_projection_frozen_maxabs_difference,1e01f6eaf9e6c1a5387883f04f2b54bbd67182064ea72bd0c6286ba14ac1e3b3,"Existing value; original source hash is provenance, not a hash of the public extract"
metric,scene_36_39|Vehicle:10|0070,M021:N,data/measurements.json#/metrics/20/value,SOURCE_NOT_INCLUDED/F03_NEAR_MID_SURFACE_RESULT.json/N,ae7cde22717773a4f6f349d41ea4d152226ec57d00b9daa23a1b545d5fcf80b4,"Existing value; original source hash is provenance, not a hash of the public extract"
metric,scene_36_39|Vehicle:10|0070,M022:inside_full_OBB_N,data/measurements.json#/metrics/21/value,SOURCE_NOT_INCLUDED/F03_NEAR_MID_SURFACE_RESULT.json/inside_full_OBB_N,ae7cde22717773a4f6f349d41ea4d152226ec57d00b9daa23a1b545d5fcf80b4,"Existing value; original source hash is provenance, not a hash of the public extract"
metric,scene_36_39|Vehicle:10|0070,M023:outside_selected_face_N,data/measurements.json#/metrics/22/value,SOURCE_NOT_INCLUDED/F03_NEAR_MID_SURFACE_RESULT.json/outside_selected_face_N,ae7cde22717773a4f6f349d41ea4d152226ec57d00b9daa23a1b545d5fcf80b4,"Existing value; original source hash is provenance, not a hash of the public extract"
metric,scene_36_39|Vehicle:10|0070,M024:selected_face_clearance_min,data/measurements.json#/metrics/23/value,SOURCE_NOT_INCLUDED/F03_NEAR_MID_SURFACE_RESULT.json/signed_selected_face_clearance_min_p05_p25_median_p75_p95_max_m/0,ae7cde22717773a4f6f349d41ea4d152226ec57d00b9daa23a1b545d5fcf80b4,"Existing value; original source hash is provenance, not a hash of the public extract"
metric,scene_36_39|Vehicle:10|0070,M025:selected_face_clearance_p05,data/measurements.json#/metrics/24/value,SOURCE_NOT_INCLUDED/F03_NEAR_MID_SURFACE_RESULT.json/signed_selected_face_clearance_min_p05_p25_median_p75_p95_max_m/1,ae7cde22717773a4f6f349d41ea4d152226ec57d00b9daa23a1b545d5fcf80b4,"Existing value; original source hash is provenance, not a hash of the public extract"
metric,scene_36_39|Vehicle:10|0070,M026:selected_face_clearance_p25,data/measurements.json#/metrics/25/value,SOURCE_NOT_INCLUDED/F03_NEAR_MID_SURFACE_RESULT.json/signed_selected_face_clearance_min_p05_p25_median_p75_p95_max_m/2,ae7cde22717773a4f6f349d41ea4d152226ec57d00b9daa23a1b545d5fcf80b4,"Existing value; original source hash is provenance, not a hash of the public extract"
metric,scene_36_39|Vehicle:10|0070,M027:selected_face_clearance_median,data/measurements.json#/metrics/26/value,SOURCE_NOT_INCLUDED/F03_NEAR_MID_SURFACE_RESULT.json/signed_selected_face_clearance_min_p05_p25_median_p75_p95_max_m/3,ae7cde22717773a4f6f349d41ea4d152226ec57d00b9daa23a1b545d5fcf80b4,"Existing value; original source hash is provenance, not a hash of the public extract"
metric,scene_36_39|Vehicle:10|0070,M028:selected_face_clearance_p75,data/measurements.json#/metrics/27/value,SOURCE_NOT_INCLUDED/F03_NEAR_MID_SURFACE_RESULT.json/signed_selected_face_clearance_min_p05_p25_median_p75_p95_max_m/4,ae7cde22717773a4f6f349d41ea4d152226ec57d00b9daa23a1b545d5fcf80b4,"Existing value; original source hash is provenance, not a hash of the public extract"
metric,scene_36_39|Vehicle:10|0070,M029:selected_face_clearance_p95,data/measurements.json#/metrics/28/value,SOURCE_NOT_INCLUDED/F03_NEAR_MID_SURFACE_RESULT.json/signed_selected_face_clearance_min_p05_p25_median_p75_p95_max_m/5,ae7cde22717773a4f6f349d41ea4d152226ec57d00b9daa23a1b545d5fcf80b4,"Existing value; original source hash is provenance, not a hash of the public extract"
metric,scene_36_39|Vehicle:10|0070,M030:selected_face_clearance_max,data/measurements.json#/metrics/29/value,SOURCE_NOT_INCLUDED/F03_NEAR_MID_SURFACE_RESULT.json/signed_selected_face_clearance_min_p05_p25_median_p75_p95_max_m/6,ae7cde22717773a4f6f349d41ea4d152226ec57d00b9daa23a1b545d5fcf80b4,"Existing value; original source hash is provenance, not a hash of the public extract"
metric,scene_36_39|Vehicle:10|0070,M031:sensor_1_N,data/measurements.json#/metrics/30/value,SOURCE_NOT_INCLUDED/F03_NEAR_MID_SURFACE_RESULT.json/per_sensor_statistics/1/N,ae7cde22717773a4f6f349d41ea4d152226ec57d00b9daa23a1b545d5fcf80b4,"Existing value; original source hash is provenance, not a hash of the public extract"
metric,scene_36_39|Vehicle:10|0070,M032:sensor_1_median_clearance,data/measurements.json#/metrics/31/value,SOURCE_NOT_INCLUDED/F03_NEAR_MID_SURFACE_RESULT.json/per_sensor_statistics/1/signed_selected_face_clearance_min_p05_p25_median_p75_p95_max_m/3,ae7cde22717773a4f6f349d41ea4d152226ec57d00b9daa23a1b545d5fcf80b4,"Existing value; original source hash is provenance, not a hash of the public extract"
metric,scene_36_39|Vehicle:10|0070,M033:sensor_2_N,data/measurements.json#/metrics/32/value,SOURCE_NOT_INCLUDED/F03_NEAR_MID_SURFACE_RESULT.json/per_sensor_statistics/2/N,ae7cde22717773a4f6f349d41ea4d152226ec57d00b9daa23a1b545d5fcf80b4,"Existing value; original source hash is provenance, not a hash of the public extract"
metric,scene_36_39|Vehicle:10|0070,M034:sensor_2_median_clearance,data/measurements.json#/metrics/33/value,SOURCE_NOT_INCLUDED/F03_NEAR_MID_SURFACE_RESULT.json/per_sensor_statistics/2/signed_selected_face_clearance_min_p05_p25_median_p75_p95_max_m/3,ae7cde22717773a4f6f349d41ea4d152226ec57d00b9daa23a1b545d5fcf80b4,"Existing value; original source hash is provenance, not a hash of the public extract"
metric,scene_36_39|Vehicle:10|0070,M035:Aeva_minus_annotation_filename_ms,data/measurements.json#/metrics/34/value,SOURCE_NOT_INCLUDED/F03_NEAR_MID_SURFACE_RESULT.json/Aeva_minus_annotation_filename_ms,ae7cde22717773a4f6f349d41ea4d152226ec57d00b9daa23a1b545d5fcf80b4,"Existing value; original source hash is provenance, not a hash of the public extract"
metric,scene_36_39|Vehicle:10|0070,M036:Aeva_minus_JPEG_filename_ms,data/measurements.json#/metrics/35/value,SOURCE_NOT_INCLUDED/F03_NEAR_MID_SURFACE_RESULT.json/Aeva_minus_JPEG_filename_ms,ae7cde22717773a4f6f349d41ea4d152226ec57d00b9daa23a1b545d5fcf80b4,"Existing value; original source hash is provenance, not a hash of the public extract"
metric,scene_36_39|Vehicle:10|0070,M037:raw_point_N,data/measurements.json#/metrics/36/value,SOURCE_NOT_INCLUDED/F03_NEAR_MID_NATIVE_CHAIN.json/raw_point_N,ce57b8a1d6c82bd80302558ad8cbb9b65842c98d818dbcf34b44e413991e05fd,"Existing value; original source hash is provenance, not a hash of the public extract"
metric,scene_36_39|Vehicle:10|0070,M038:GT_OBB_points,data/measurements.json#/metrics/37/value,SOURCE_NOT_INCLUDED/F03_NEAR_MID_NATIVE_CHAIN.json/GT_OBB_points,ce57b8a1d6c82bd80302558ad8cbb9b65842c98d818dbcf34b44e413991e05fd,"Existing value; original source hash is provenance, not a hash of the public extract"
metric,scene_36_39|Vehicle:10|0070,M039:Aeva_to_Velodyne_frozen_maxabs_difference,data/measurements.json#/metrics/38/value,SOURCE_NOT_INCLUDED/F03_NEAR_MID_NATIVE_CHAIN.json/Aeva_to_Velodyne_frozen_maxabs_difference,ce57b8a1d6c82bd80302558ad8cbb9b65842c98d818dbcf34b44e413991e05fd,"Existing value; original source hash is provenance, not a hash of the public extract"
metric,scene_36_39|Vehicle:10|0070,M040:camera_projection_frozen_maxabs_difference,data/measurements.json#/metrics/39/value,SOURCE_NOT_INCLUDED/F03_NEAR_MID_NATIVE_CHAIN.json/camera_projection_frozen_maxabs_difference,ce57b8a1d6c82bd80302558ad8cbb9b65842c98d818dbcf34b44e413991e05fd,"Existing value; original source hash is provenance, not a hash of the public extract"
metric,scene_36_39|Vehicle:10|0032,M041:N,data/measurements.json#/metrics/40/value,SOURCE_NOT_INCLUDED/F03_FAR_SURFACE_RESULT.json/N,e8fc448d56216cccc3c0ffca7803e32acac6e8c2b79026ffaaf5e3de27a0b739,"Existing value; original source hash is provenance, not a hash of the public extract"
metric,scene_36_39|Vehicle:10|0032,M042:inside_full_OBB_N,data/measurements.json#/metrics/41/value,SOURCE_NOT_INCLUDED/F03_FAR_SURFACE_RESULT.json/inside_full_OBB_N,e8fc448d56216cccc3c0ffca7803e32acac6e8c2b79026ffaaf5e3de27a0b739,"Existing value; original source hash is provenance, not a hash of the public extract"
metric,scene_36_39|Vehicle:10|0032,M043:outside_selected_face_N,data/measurements.json#/metrics/42/value,SOURCE_NOT_INCLUDED/F03_FAR_SURFACE_RESULT.json/outside_selected_face_N,e8fc448d56216cccc3c0ffca7803e32acac6e8c2b79026ffaaf5e3de27a0b739,"Existing value; original source hash is provenance, not a hash of the public extract"
metric,scene_36_39|Vehicle:10|0032,M044:selected_face_clearance_min,data/measurements.json#/metrics/43/value,SOURCE_NOT_INCLUDED/F03_FAR_SURFACE_RESULT.json/signed_selected_face_clearance_min_p05_p25_median_p75_p95_max_m/0,e8fc448d56216cccc3c0ffca7803e32acac6e8c2b79026ffaaf5e3de27a0b739,"Existing value; original source hash is provenance, not a hash of the public extract"
metric,scene_36_39|Vehicle:10|0032,M045:selected_face_clearance_p05,data/measurements.json#/metrics/44/value,SOURCE_NOT_INCLUDED/F03_FAR_SURFACE_RESULT.json/signed_selected_face_clearance_min_p05_p25_median_p75_p95_max_m/1,e8fc448d56216cccc3c0ffca7803e32acac6e8c2b79026ffaaf5e3de27a0b739,"Existing value; original source hash is provenance, not a hash of the public extract"
metric,scene_36_39|Vehicle:10|0032,M046:selected_face_clearance_p25,data/measurements.json#/metrics/45/value,SOURCE_NOT_INCLUDED/F03_FAR_SURFACE_RESULT.json/signed_selected_face_clearance_min_p05_p25_median_p75_p95_max_m/2,e8fc448d56216cccc3c0ffca7803e32acac6e8c2b79026ffaaf5e3de27a0b739,"Existing value; original source hash is provenance, not a hash of the public extract"
metric,scene_36_39|Vehicle:10|0032,M047:selected_face_clearance_median,data/measurements.json#/metrics/46/value,SOURCE_NOT_INCLUDED/F03_FAR_SURFACE_RESULT.json/signed_selected_face_clearance_min_p05_p25_median_p75_p95_max_m/3,e8fc448d56216cccc3c0ffca7803e32acac6e8c2b79026ffaaf5e3de27a0b739,"Existing value; original source hash is provenance, not a hash of the public extract"
metric,scene_36_39|Vehicle:10|0032,M048:selected_face_clearance_p75,data/measurements.json#/metrics/47/value,SOURCE_NOT_INCLUDED/F03_FAR_SURFACE_RESULT.json/signed_selected_face_clearance_min_p05_p25_median_p75_p95_max_m/4,e8fc448d56216cccc3c0ffca7803e32acac6e8c2b79026ffaaf5e3de27a0b739,"Existing value; original source hash is provenance, not a hash of the public extract"
metric,scene_36_39|Vehicle:10|0032,M049:selected_face_clearance_p95,data/measurements.json#/metrics/48/value,SOURCE_NOT_INCLUDED/F03_FAR_SURFACE_RESULT.json/signed_selected_face_clearance_min_p05_p25_median_p75_p95_max_m/5,e8fc448d56216cccc3c0ffca7803e32acac6e8c2b79026ffaaf5e3de27a0b739,"Existing value; original source hash is provenance, not a hash of the public extract"
metric,scene_36_39|Vehicle:10|0032,M050:selected_face_clearance_max,data/measurements.json#/metrics/49/value,SOURCE_NOT_INCLUDED/F03_FAR_SURFACE_RESULT.json/signed_selected_face_clearance_min_p05_p25_median_p75_p95_max_m/6,e8fc448d56216cccc3c0ffca7803e32acac6e8c2b79026ffaaf5e3de27a0b739,"Existing value; original source hash is provenance, not a hash of the public extract"
metric,scene_36_39|Vehicle:10|0032,M051:sensor_1_N,data/measurements.json#/metrics/50/value,SOURCE_NOT_INCLUDED/F03_FAR_SURFACE_RESULT.json/per_sensor_statistics/1/N,e8fc448d56216cccc3c0ffca7803e32acac6e8c2b79026ffaaf5e3de27a0b739,"Existing value; original source hash is provenance, not a hash of the public extract"
metric,scene_36_39|Vehicle:10|0032,M052:sensor_1_median_clearance,data/measurements.json#/metrics/51/value,SOURCE_NOT_INCLUDED/F03_FAR_SURFACE_RESULT.json/per_sensor_statistics/1/signed_selected_face_clearance_min_p05_p25_median_p75_p95_max_m/3,e8fc448d56216cccc3c0ffca7803e32acac6e8c2b79026ffaaf5e3de27a0b739,"Existing value; original source hash is provenance, not a hash of the public extract"
metric,scene_36_39|Vehicle:10|0032,M053:sensor_2_N,data/measurements.json#/metrics/52/value,SOURCE_NOT_INCLUDED/F03_FAR_SURFACE_RESULT.json/per_sensor_statistics/2/N,e8fc448d56216cccc3c0ffca7803e32acac6e8c2b79026ffaaf5e3de27a0b739,"Existing value; original source hash is provenance, not a hash of the public extract"
metric,scene_36_39|Vehicle:10|0032,M054:sensor_2_median_clearance,data/measurements.json#/metrics/53/value,SOURCE_NOT_INCLUDED/F03_FAR_SURFACE_RESULT.json/per_sensor_statistics/2/signed_selected_face_clearance_min_p05_p25_median_p75_p95_max_m/3,e8fc448d56216cccc3c0ffca7803e32acac6e8c2b79026ffaaf5e3de27a0b739,"Existing value; original source hash is provenance, not a hash of the public extract"
metric,scene_36_39|Vehicle:10|0032,M055:Aeva_minus_annotation_filename_ms,data/measurements.json#/metrics/54/value,SOURCE_NOT_INCLUDED/F03_FAR_SURFACE_RESULT.json/Aeva_minus_annotation_filename_ms,e8fc448d56216cccc3c0ffca7803e32acac6e8c2b79026ffaaf5e3de27a0b739,"Existing value; original source hash is provenance, not a hash of the public extract"
metric,scene_36_39|Vehicle:10|0032,M056:Aeva_minus_JPEG_filename_ms,data/measurements.json#/metrics/55/value,SOURCE_NOT_INCLUDED/F03_FAR_SURFACE_RESULT.json/Aeva_minus_JPEG_filename_ms,e8fc448d56216cccc3c0ffca7803e32acac6e8c2b79026ffaaf5e3de27a0b739,"Existing value; original source hash is provenance, not a hash of the public extract"
metric,scene_36_39|Vehicle:10|0032,M057:raw_point_N,data/measurements.json#/metrics/56/value,SOURCE_NOT_INCLUDED/F03_FAR_NATIVE_CHAIN.json/raw_point_N,3d41177fe55a5f401f59f1fd03ea1af893675c3b7d9397cbfffee86e9cd8dbb0,"Existing value; original source hash is provenance, not a hash of the public extract"
metric,scene_36_39|Vehicle:10|0032,M058:GT_OBB_points,data/measurements.json#/metrics/57/value,SOURCE_NOT_INCLUDED/F03_FAR_NATIVE_CHAIN.json/GT_OBB_points,3d41177fe55a5f401f59f1fd03ea1af893675c3b7d9397cbfffee86e9cd8dbb0,"Existing value; original source hash is provenance, not a hash of the public extract"
metric,scene_36_39|Vehicle:10|0032,M059:Aeva_to_Velodyne_frozen_maxabs_difference,data/measurements.json#/metrics/58/value,SOURCE_NOT_INCLUDED/F03_FAR_NATIVE_CHAIN.json/Aeva_to_Velodyne_frozen_maxabs_difference,3d41177fe55a5f401f59f1fd03ea1af893675c3b7d9397cbfffee86e9cd8dbb0,"Existing value; original source hash is provenance, not a hash of the public extract"
metric,scene_36_39|Vehicle:10|0032,M060:camera_projection_frozen_maxabs_difference,data/measurements.json#/metrics/59/value,SOURCE_NOT_INCLUDED/F03_FAR_NATIVE_CHAIN.json/camera_projection_frozen_maxabs_difference,3d41177fe55a5f401f59f1fd03ea1af893675c3b7d9397cbfffee86e9cd8dbb0,"Existing value; original source hash is provenance, not a hash of the public extract"
metric,scene_35_31|Vehicle:97|0188,M061:independent_upright_N,data/measurements.json#/metrics/60/value,SOURCE_NOT_INCLUDED/NATIVE_SCHEMA_AND_CHAIN_AUDIT.json/independent_visible_panel_pixel_subset/upright/N,5cd8ed8259d9f343b6898a40b96e75be1275ec94d67e0c9ee02aa68a9a7b38fe,"Existing value; original source hash is provenance, not a hash of the public extract"
metric,scene_35_31|Vehicle:97|0188,M062:independent_upright_inside_N,data/measurements.json#/metrics/61/value,SOURCE_NOT_INCLUDED/NATIVE_SCHEMA_AND_CHAIN_AUDIT.json/independent_visible_panel_pixel_subset/upright/inside_N,5cd8ed8259d9f343b6898a40b96e75be1275ec94d67e0c9ee02aa68a9a7b38fe,"Existing value; original source hash is provenance, not a hash of the public extract"
metric,scene_35_31|Vehicle:97|0188,M063:independent_upright_outside_positive_lateral_face_N,data/measurements.json#/metrics/62/value,SOURCE_NOT_INCLUDED/NATIVE_SCHEMA_AND_CHAIN_AUDIT.json/independent_visible_panel_pixel_subset/upright/outside_positive_lateral_face_N,5cd8ed8259d9f343b6898a40b96e75be1275ec94d67e0c9ee02aa68a9a7b38fe,"Existing value; original source hash is provenance, not a hash of the public extract"
metric,scene_35_31|Vehicle:97|0188,M064:independent_upright_clearance_min,data/measurements.json#/metrics/63/value,SOURCE_NOT_INCLUDED/NATIVE_SCHEMA_AND_CHAIN_AUDIT.json/independent_visible_panel_pixel_subset/upright/signed_lateral_clearance_quantiles_m/0,5cd8ed8259d9f343b6898a40b96e75be1275ec94d67e0c9ee02aa68a9a7b38fe,"Existing value; original source hash is provenance, not a hash of the public extract"
metric,scene_35_31|Vehicle:97|0188,M065:independent_upright_clearance_p05,data/measurements.json#/metrics/64/value,SOURCE_NOT_INCLUDED/NATIVE_SCHEMA_AND_CHAIN_AUDIT.json/independent_visible_panel_pixel_subset/upright/signed_lateral_clearance_quantiles_m/1,5cd8ed8259d9f343b6898a40b96e75be1275ec94d67e0c9ee02aa68a9a7b38fe,"Existing value; original source hash is provenance, not a hash of the public extract"
metric,scene_35_31|Vehicle:97|0188,M066:independent_upright_clearance_p25,data/measurements.json#/metrics/65/value,SOURCE_NOT_INCLUDED/NATIVE_SCHEMA_AND_CHAIN_AUDIT.json/independent_visible_panel_pixel_subset/upright/signed_lateral_clearance_quantiles_m/2,5cd8ed8259d9f343b6898a40b96e75be1275ec94d67e0c9ee02aa68a9a7b38fe,"Existing value; original source hash is provenance, not a hash of the public extract"
metric,scene_35_31|Vehicle:97|0188,M067:independent_upright_clearance_median,data/measurements.json#/metrics/66/value,SOURCE_NOT_INCLUDED/NATIVE_SCHEMA_AND_CHAIN_AUDIT.json/independent_visible_panel_pixel_subset/upright/signed_lateral_clearance_quantiles_m/3,5cd8ed8259d9f343b6898a40b96e75be1275ec94d67e0c9ee02aa68a9a7b38fe,"Existing value; original source hash is provenance, not a hash of the public extract"
metric,scene_35_31|Vehicle:97|0188,M068:independent_upright_clearance_p75,data/measurements.json#/metrics/67/value,SOURCE_NOT_INCLUDED/NATIVE_SCHEMA_AND_CHAIN_AUDIT.json/independent_visible_panel_pixel_subset/upright/signed_lateral_clearance_quantiles_m/4,5cd8ed8259d9f343b6898a40b96e75be1275ec94d67e0c9ee02aa68a9a7b38fe,"Existing value; original source hash is provenance, not a hash of the public extract"
metric,scene_35_31|Vehicle:97|0188,M069:independent_upright_clearance_p95,data/measurements.json#/metrics/68/value,SOURCE_NOT_INCLUDED/NATIVE_SCHEMA_AND_CHAIN_AUDIT.json/independent_visible_panel_pixel_subset/upright/signed_lateral_clearance_quantiles_m/5,5cd8ed8259d9f343b6898a40b96e75be1275ec94d67e0c9ee02aa68a9a7b38fe,"Existing value; original source hash is provenance, not a hash of the public extract"
metric,scene_35_31|Vehicle:97|0188,M070:independent_upright_clearance_max,data/measurements.json#/metrics/69/value,SOURCE_NOT_INCLUDED/NATIVE_SCHEMA_AND_CHAIN_AUDIT.json/independent_visible_panel_pixel_subset/upright/signed_lateral_clearance_quantiles_m/6,5cd8ed8259d9f343b6898a40b96e75be1275ec94d67e0c9ee02aa68a9a7b38fe,"Existing value; original source hash is provenance, not a hash of the public extract"
metric,scene_35_31|Vehicle:97|0188,M071:independent_RPY_pose_sensitivity_N,data/measurements.json#/metrics/70/value,SOURCE_NOT_INCLUDED/NATIVE_SCHEMA_AND_CHAIN_AUDIT.json/independent_visible_panel_pixel_subset/RPY_pose_sensitivity/N,5cd8ed8259d9f343b6898a40b96e75be1275ec94d67e0c9ee02aa68a9a7b38fe,"Existing value; original source hash is provenance, not a hash of the public extract"
metric,scene_35_31|Vehicle:97|0188,M072:independent_RPY_pose_sensitivity_inside_N,data/measurements.json#/metrics/71/value,SOURCE_NOT_INCLUDED/NATIVE_SCHEMA_AND_CHAIN_AUDIT.json/independent_visible_panel_pixel_subset/RPY_pose_sensitivity/inside_N,5cd8ed8259d9f343b6898a40b96e75be1275ec94d67e0c9ee02aa68a9a7b38fe,"Existing value; original source hash is provenance, not a hash of the public extract"
metric,scene_35_31|Vehicle:97|0188,M073:independent_RPY_pose_sensitivity_outside_positive_lateral_face_N,data/measurements.json#/metrics/72/value,SOURCE_NOT_INCLUDED/NATIVE_SCHEMA_AND_CHAIN_AUDIT.json/independent_visible_panel_pixel_subset/RPY_pose_sensitivity/outside_positive_lateral_face_N,5cd8ed8259d9f343b6898a40b96e75be1275ec94d67e0c9ee02aa68a9a7b38fe,"Existing value; original source hash is provenance, not a hash of the public extract"
metric,scene_35_31|Vehicle:97|0188,M074:independent_RPY_pose_sensitivity_clearance_min,data/measurements.json#/metrics/73/value,SOURCE_NOT_INCLUDED/NATIVE_SCHEMA_AND_CHAIN_AUDIT.json/independent_visible_panel_pixel_subset/RPY_pose_sensitivity/signed_lateral_clearance_quantiles_m/0,5cd8ed8259d9f343b6898a40b96e75be1275ec94d67e0c9ee02aa68a9a7b38fe,"Existing value; original source hash is provenance, not a hash of the public extract"
metric,scene_35_31|Vehicle:97|0188,M075:independent_RPY_pose_sensitivity_clearance_p05,data/measurements.json#/metrics/74/value,SOURCE_NOT_INCLUDED/NATIVE_SCHEMA_AND_CHAIN_AUDIT.json/independent_visible_panel_pixel_subset/RPY_pose_sensitivity/signed_lateral_clearance_quantiles_m/1,5cd8ed8259d9f343b6898a40b96e75be1275ec94d67e0c9ee02aa68a9a7b38fe,"Existing value; original source hash is provenance, not a hash of the public extract"
metric,scene_35_31|Vehicle:97|0188,M076:independent_RPY_pose_sensitivity_clearance_p25,data/measurements.json#/metrics/75/value,SOURCE_NOT_INCLUDED/NATIVE_SCHEMA_AND_CHAIN_AUDIT.json/independent_visible_panel_pixel_subset/RPY_pose_sensitivity/signed_lateral_clearance_quantiles_m/2,5cd8ed8259d9f343b6898a40b96e75be1275ec94d67e0c9ee02aa68a9a7b38fe,"Existing value; original source hash is provenance, not a hash of the public extract"
metric,scene_35_31|Vehicle:97|0188,M077:independent_RPY_pose_sensitivity_clearance_median,data/measurements.json#/metrics/76/value,SOURCE_NOT_INCLUDED/NATIVE_SCHEMA_AND_CHAIN_AUDIT.json/independent_visible_panel_pixel_subset/RPY_pose_sensitivity/signed_lateral_clearance_quantiles_m/3,5cd8ed8259d9f343b6898a40b96e75be1275ec94d67e0c9ee02aa68a9a7b38fe,"Existing value; original source hash is provenance, not a hash of the public extract"
metric,scene_35_31|Vehicle:97|0188,M078:independent_RPY_pose_sensitivity_clearance_p75,data/measurements.json#/metrics/77/value,SOURCE_NOT_INCLUDED/NATIVE_SCHEMA_AND_CHAIN_AUDIT.json/independent_visible_panel_pixel_subset/RPY_pose_sensitivity/signed_lateral_clearance_quantiles_m/4,5cd8ed8259d9f343b6898a40b96e75be1275ec94d67e0c9ee02aa68a9a7b38fe,"Existing value; original source hash is provenance, not a hash of the public extract"
metric,scene_35_31|Vehicle:97|0188,M079:independent_RPY_pose_sensitivity_clearance_p95,data/measurements.json#/metrics/78/value,SOURCE_NOT_INCLUDED/NATIVE_SCHEMA_AND_CHAIN_AUDIT.json/independent_visible_panel_pixel_subset/RPY_pose_sensitivity/signed_lateral_clearance_quantiles_m/5,5cd8ed8259d9f343b6898a40b96e75be1275ec94d67e0c9ee02aa68a9a7b38fe,"Existing value; original source hash is provenance, not a hash of the public extract"
metric,scene_35_31|Vehicle:97|0188,M080:independent_RPY_pose_sensitivity_clearance_max,data/measurements.json#/metrics/79/value,SOURCE_NOT_INCLUDED/NATIVE_SCHEMA_AND_CHAIN_AUDIT.json/independent_visible_panel_pixel_subset/RPY_pose_sensitivity/signed_lateral_clearance_quantiles_m/6,5cd8ed8259d9f343b6898a40b96e75be1275ec94d67e0c9ee02aa68a9a7b38fe,"Existing value; original source hash is provenance, not a hash of the public extract"
metric,scene_35_31|Vehicle:97|0188,M081:legacy_GT_dependent_upright_N,data/measurements.json#/metrics/80/value,SOURCE_NOT_INCLUDED/NATIVE_SCHEMA_AND_CHAIN_AUDIT.json/previous_GT_dependent_794_subset/upright/N,5cd8ed8259d9f343b6898a40b96e75be1275ec94d67e0c9ee02aa68a9a7b38fe,"Existing value; original source hash is provenance, not a hash of the public extract"
metric,scene_35_31|Vehicle:97|0188,M082:legacy_GT_dependent_upright_inside_N,data/measurements.json#/metrics/81/value,SOURCE_NOT_INCLUDED/NATIVE_SCHEMA_AND_CHAIN_AUDIT.json/previous_GT_dependent_794_subset/upright/inside_N,5cd8ed8259d9f343b6898a40b96e75be1275ec94d67e0c9ee02aa68a9a7b38fe,"Existing value; original source hash is provenance, not a hash of the public extract"
metric,scene_35_31|Vehicle:97|0188,M083:legacy_GT_dependent_upright_outside_positive_lateral_face_N,data/measurements.json#/metrics/82/value,SOURCE_NOT_INCLUDED/NATIVE_SCHEMA_AND_CHAIN_AUDIT.json/previous_GT_dependent_794_subset/upright/outside_positive_lateral_face_N,5cd8ed8259d9f343b6898a40b96e75be1275ec94d67e0c9ee02aa68a9a7b38fe,"Existing value; original source hash is provenance, not a hash of the public extract"
metric,scene_35_31|Vehicle:97|0188,M084:legacy_GT_dependent_upright_clearance_min,data/measurements.json#/metrics/83/value,SOURCE_NOT_INCLUDED/NATIVE_SCHEMA_AND_CHAIN_AUDIT.json/previous_GT_dependent_794_subset/upright/signed_lateral_clearance_quantiles_m/0,5cd8ed8259d9f343b6898a40b96e75be1275ec94d67e0c9ee02aa68a9a7b38fe,"Existing value; original source hash is provenance, not a hash of the public extract"
metric,scene_35_31|Vehicle:97|0188,M085:legacy_GT_dependent_upright_clearance_p05,data/measurements.json#/metrics/84/value,SOURCE_NOT_INCLUDED/NATIVE_SCHEMA_AND_CHAIN_AUDIT.json/previous_GT_dependent_794_subset/upright/signed_lateral_clearance_quantiles_m/1,5cd8ed8259d9f343b6898a40b96e75be1275ec94d67e0c9ee02aa68a9a7b38fe,"Existing value; original source hash is provenance, not a hash of the public extract"
metric,scene_35_31|Vehicle:97|0188,M086:legacy_GT_dependent_upright_clearance_p25,data/measurements.json#/metrics/85/value,SOURCE_NOT_INCLUDED/NATIVE_SCHEMA_AND_CHAIN_AUDIT.json/previous_GT_dependent_794_subset/upright/signed_lateral_clearance_quantiles_m/2,5cd8ed8259d9f343b6898a40b96e75be1275ec94d67e0c9ee02aa68a9a7b38fe,"Existing value; original source hash is provenance, not a hash of the public extract"
metric,scene_35_31|Vehicle:97|0188,M087:legacy_GT_dependent_upright_clearance_median,data/measurements.json#/metrics/86/value,SOURCE_NOT_INCLUDED/NATIVE_SCHEMA_AND_CHAIN_AUDIT.json/previous_GT_dependent_794_subset/upright/signed_lateral_clearance_quantiles_m/3,5cd8ed8259d9f343b6898a40b96e75be1275ec94d67e0c9ee02aa68a9a7b38fe,"Existing value; original source hash is provenance, not a hash of the public extract"
metric,scene_35_31|Vehicle:97|0188,M088:legacy_GT_dependent_upright_clearance_p75,data/measurements.json#/metrics/87/value,SOURCE_NOT_INCLUDED/NATIVE_SCHEMA_AND_CHAIN_AUDIT.json/previous_GT_dependent_794_subset/upright/signed_lateral_clearance_quantiles_m/4,5cd8ed8259d9f343b6898a40b96e75be1275ec94d67e0c9ee02aa68a9a7b38fe,"Existing value; original source hash is provenance, not a hash of the public extract"
metric,scene_35_31|Vehicle:97|0188,M089:legacy_GT_dependent_upright_clearance_p95,data/measurements.json#/metrics/88/value,SOURCE_NOT_INCLUDED/NATIVE_SCHEMA_AND_CHAIN_AUDIT.json/previous_GT_dependent_794_subset/upright/signed_lateral_clearance_quantiles_m/5,5cd8ed8259d9f343b6898a40b96e75be1275ec94d67e0c9ee02aa68a9a7b38fe,"Existing value; original source hash is provenance, not a hash of the public extract"
metric,scene_35_31|Vehicle:97|0188,M090:legacy_GT_dependent_upright_clearance_max,data/measurements.json#/metrics/89/value,SOURCE_NOT_INCLUDED/NATIVE_SCHEMA_AND_CHAIN_AUDIT.json/previous_GT_dependent_794_subset/upright/signed_lateral_clearance_quantiles_m/6,5cd8ed8259d9f343b6898a40b96e75be1275ec94d67e0c9ee02aa68a9a7b38fe,"Existing value; original source hash is provenance, not a hash of the public extract"
metric,scene_35_31|Vehicle:97|0188,M091:legacy_GT_dependent_RPY_pose_sensitivity_N,data/measurements.json#/metrics/90/value,SOURCE_NOT_INCLUDED/NATIVE_SCHEMA_AND_CHAIN_AUDIT.json/previous_GT_dependent_794_subset/RPY_pose_sensitivity/N,5cd8ed8259d9f343b6898a40b96e75be1275ec94d67e0c9ee02aa68a9a7b38fe,"Existing value; original source hash is provenance, not a hash of the public extract"
metric,scene_35_31|Vehicle:97|0188,M092:legacy_GT_dependent_RPY_pose_sensitivity_inside_N,data/measurements.json#/metrics/91/value,SOURCE_NOT_INCLUDED/NATIVE_SCHEMA_AND_CHAIN_AUDIT.json/previous_GT_dependent_794_subset/RPY_pose_sensitivity/inside_N,5cd8ed8259d9f343b6898a40b96e75be1275ec94d67e0c9ee02aa68a9a7b38fe,"Existing value; original source hash is provenance, not a hash of the public extract"
metric,scene_35_31|Vehicle:97|0188,M093:legacy_GT_dependent_RPY_pose_sensitivity_outside_positive_lateral_face_N,data/measurements.json#/metrics/92/value,SOURCE_NOT_INCLUDED/NATIVE_SCHEMA_AND_CHAIN_AUDIT.json/previous_GT_dependent_794_subset/RPY_pose_sensitivity/outside_positive_lateral_face_N,5cd8ed8259d9f343b6898a40b96e75be1275ec94d67e0c9ee02aa68a9a7b38fe,"Existing value; original source hash is provenance, not a hash of the public extract"
metric,scene_35_31|Vehicle:97|0188,M094:legacy_GT_dependent_RPY_pose_sensitivity_clearance_min,data/measurements.json#/metrics/93/value,SOURCE_NOT_INCLUDED/NATIVE_SCHEMA_AND_CHAIN_AUDIT.json/previous_GT_dependent_794_subset/RPY_pose_sensitivity/signed_lateral_clearance_quantiles_m/0,5cd8ed8259d9f343b6898a40b96e75be1275ec94d67e0c9ee02aa68a9a7b38fe,"Existing value; original source hash is provenance, not a hash of the public extract"
metric,scene_35_31|Vehicle:97|0188,M095:legacy_GT_dependent_RPY_pose_sensitivity_clearance_p05,data/measurements.json#/metrics/94/value,SOURCE_NOT_INCLUDED/NATIVE_SCHEMA_AND_CHAIN_AUDIT.json/previous_GT_dependent_794_subset/RPY_pose_sensitivity/signed_lateral_clearance_quantiles_m/1,5cd8ed8259d9f343b6898a40b96e75be1275ec94d67e0c9ee02aa68a9a7b38fe,"Existing value; original source hash is provenance, not a hash of the public extract"
metric,scene_35_31|Vehicle:97|0188,M096:legacy_GT_dependent_RPY_pose_sensitivity_clearance_p25,data/measurements.json#/metrics/95/value,SOURCE_NOT_INCLUDED/NATIVE_SCHEMA_AND_CHAIN_AUDIT.json/previous_GT_dependent_794_subset/RPY_pose_sensitivity/signed_lateral_clearance_quantiles_m/2,5cd8ed8259d9f343b6898a40b96e75be1275ec94d67e0c9ee02aa68a9a7b38fe,"Existing value; original source hash is provenance, not a hash of the public extract"
metric,scene_35_31|Vehicle:97|0188,M097:legacy_GT_dependent_RPY_pose_sensitivity_clearance_median,data/measurements.json#/metrics/96/value,SOURCE_NOT_INCLUDED/NATIVE_SCHEMA_AND_CHAIN_AUDIT.json/previous_GT_dependent_794_subset/RPY_pose_sensitivity/signed_lateral_clearance_quantiles_m/3,5cd8ed8259d9f343b6898a40b96e75be1275ec94d67e0c9ee02aa68a9a7b38fe,"Existing value; original source hash is provenance, not a hash of the public extract"
metric,scene_35_31|Vehicle:97|0188,M098:legacy_GT_dependent_RPY_pose_sensitivity_clearance_p75,data/measurements.json#/metrics/97/value,SOURCE_NOT_INCLUDED/NATIVE_SCHEMA_AND_CHAIN_AUDIT.json/previous_GT_dependent_794_subset/RPY_pose_sensitivity/signed_lateral_clearance_quantiles_m/4,5cd8ed8259d9f343b6898a40b96e75be1275ec94d67e0c9ee02aa68a9a7b38fe,"Existing value; original source hash is provenance, not a hash of the public extract"
metric,scene_35_31|Vehicle:97|0188,M099:legacy_GT_dependent_RPY_pose_sensitivity_clearance_p95,data/measurements.json#/metrics/98/value,SOURCE_NOT_INCLUDED/NATIVE_SCHEMA_AND_CHAIN_AUDIT.json/previous_GT_dependent_794_subset/RPY_pose_sensitivity/signed_lateral_clearance_quantiles_m/5,5cd8ed8259d9f343b6898a40b96e75be1275ec94d67e0c9ee02aa68a9a7b38fe,"Existing value; original source hash is provenance, not a hash of the public extract"
metric,scene_35_31|Vehicle:97|0188,M100:legacy_GT_dependent_RPY_pose_sensitivity_clearance_max,data/measurements.json#/metrics/99/value,SOURCE_NOT_INCLUDED/NATIVE_SCHEMA_AND_CHAIN_AUDIT.json/previous_GT_dependent_794_subset/RPY_pose_sensitivity/signed_lateral_clearance_quantiles_m/6,5cd8ed8259d9f343b6898a40b96e75be1275ec94d67e0c9ee02aa68a9a7b38fe,"Existing value; original source hash is provenance, not a hash of the public extract"
metric,scene_35_31|Vehicle:97|0188,M101:raw_point_N,data/measurements.json#/metrics/100/value,SOURCE_NOT_INCLUDED/NATIVE_SCHEMA_AND_CHAIN_AUDIT.json/processing_chain/raw_point_N,5cd8ed8259d9f343b6898a40b96e75be1275ec94d67e0c9ee02aa68a9a7b38fe,"Existing value; original source hash is provenance, not a hash of the public extract"
metric,scene_35_31|Vehicle:97|0188,M102:frozen_matrix_maxabs_difference,data/measurements.json#/metrics/101/value,SOURCE_NOT_INCLUDED/NATIVE_SCHEMA_AND_CHAIN_AUDIT.json/processing_chain/frozen_matrix_maxabs_difference,5cd8ed8259d9f343b6898a40b96e75be1275ec94d67e0c9ee02aa68a9a7b38fe,"Existing value; original source hash is provenance, not a hash of the public extract"
metric,scene_35_31|Vehicle:97|0188,M103:float32_vs_float64_point_error_m_max,data/measurements.json#/metrics/102/value,SOURCE_NOT_INCLUDED/NATIVE_SCHEMA_AND_CHAIN_AUDIT.json/processing_chain/float32_vs_float64_point_error_m_max,5cd8ed8259d9f343b6898a40b96e75be1275ec94d67e0c9ee02aa68a9a7b38fe,"Existing value; original source hash is provenance, not a hash of the public extract"
metric,scene_35_31|Vehicle:97|0188,M104:selected_float32_vs_float64_error_m_max,data/measurements.json#/metrics/103/value,SOURCE_NOT_INCLUDED/NATIVE_SCHEMA_AND_CHAIN_AUDIT.json/processing_chain/selected_float32_vs_float64_error_m_max,5cd8ed8259d9f343b6898a40b96e75be1275ec94d67e0c9ee02aa68a9a7b38fe,"Existing value; original source hash is provenance, not a hash of the public extract"
metric,scene_35_31|Vehicle:97|0188,M105:global_center_to_native_center_m,data/measurements.json#/metrics/104/value,SOURCE_NOT_INCLUDED/NATIVE_SCHEMA_AND_CHAIN_AUDIT.json/processing_chain/global_center_to_native_center_m,5cd8ed8259d9f343b6898a40b96e75be1275ec94d67e0c9ee02aa68a9a7b38fe,"Existing value; original source hash is provenance, not a hash of the public extract"
metric,scene_35_31|Vehicle:97|0188,M106:native_pose_inverse_maxabs,data/measurements.json#/metrics/105/value,SOURCE_NOT_INCLUDED/NATIVE_SCHEMA_AND_CHAIN_AUDIT.json/processing_chain/native_pose_inverse_maxabs,5cd8ed8259d9f343b6898a40b96e75be1275ec94d67e0c9ee02aa68a9a7b38fe,"Existing value; original source hash is provenance, not a hash of the public extract"
metric,scene_35_31|Vehicle:97|0188,M107:XYZ_over_clip60000_N,data/measurements.json#/metrics/106/value,SOURCE_NOT_INCLUDED/NATIVE_SCHEMA_AND_CHAIN_AUDIT.json/processing_chain/XYZ_over_clip60000_N,5cd8ed8259d9f343b6898a40b96e75be1275ec94d67e0c9ee02aa68a9a7b38fe,"Existing value; original source hash is provenance, not a hash of the public extract"
metric,scene_35_31|Vehicle:97|0188,M108:full_cloud_upright_OBB_count,data/measurements.json#/metrics/107/value,SOURCE_NOT_INCLUDED/NATIVE_SCHEMA_AND_CHAIN_AUDIT.json/full_cloud_OBB_point_counts/upright,5cd8ed8259d9f343b6898a40b96e75be1275ec94d67e0c9ee02aa68a9a7b38fe,"Existing value; original source hash is provenance, not a hash of the public extract"
metric,scene_35_31|Vehicle:97|0188,M109:selected_589_in_parent_Cab,data/measurements.json#/metrics/108/value,SOURCE_NOT_INCLUDED/NATIVE_SCHEMA_AND_CHAIN_AUDIT.json/independent_visible_panel_pixel_subset/Parent_Cab_OBB_inside_N,5cd8ed8259d9f343b6898a40b96e75be1275ec94d67e0c9ee02aa68a9a7b38fe,"Existing value; original source hash is provenance, not a hash of the public extract"
metric,scene_28_12|Vehicle:11|0062,M110:points_N,data/measurements.json#/metrics/109/value,SOURCE_NOT_INCLUDED/SURFACE_CORRIDOR_DIAGNOSTICS.json/1/points_N,c9b92f7a403449dcedf06618a4792379f0accc9cf2606e37f6fedce991e4570b,"Existing value; original source hash is provenance, not a hash of the public extract"
metric,scene_28_12|Vehicle:11|0062,M111:positive_clearance_point_N,data/measurements.json#/metrics/110/value,SOURCE_NOT_INCLUDED/SURFACE_CORRIDOR_DIAGNOSTICS.json/1/positive_clearance_point_N,c9b92f7a403449dcedf06618a4792379f0accc9cf2606e37f6fedce991e4570b,"Existing value; original source hash is provenance, not a hash of the public extract"
metric,scene_28_12|Vehicle:11|0062,M112:corridor_longitudinal_clearance_min,data/measurements.json#/metrics/111/value,SOURCE_NOT_INCLUDED/SURFACE_CORRIDOR_DIAGNOSTICS.json/1/signed_surface_to_positive_face_quantiles_m/0,c9b92f7a403449dcedf06618a4792379f0accc9cf2606e37f6fedce991e4570b,"Existing value; original source hash is provenance, not a hash of the public extract"
metric,scene_28_12|Vehicle:11|0062,M113:corridor_longitudinal_clearance_p05,data/measurements.json#/metrics/112/value,SOURCE_NOT_INCLUDED/SURFACE_CORRIDOR_DIAGNOSTICS.json/1/signed_surface_to_positive_face_quantiles_m/1,c9b92f7a403449dcedf06618a4792379f0accc9cf2606e37f6fedce991e4570b,"Existing value; original source hash is provenance, not a hash of the public extract"
metric,scene_28_12|Vehicle:11|0062,M114:corridor_longitudinal_clearance_p25,data/measurements.json#/metrics/113/value,SOURCE_NOT_INCLUDED/SURFACE_CORRIDOR_DIAGNOSTICS.json/1/signed_surface_to_positive_face_quantiles_m/2,c9b92f7a403449dcedf06618a4792379f0accc9cf2606e37f6fedce991e4570b,"Existing value; original source hash is provenance, not a hash of the public extract"
metric,scene_28_12|Vehicle:11|0062,M115:corridor_longitudinal_clearance_median,data/measurements.json#/metrics/114/value,SOURCE_NOT_INCLUDED/SURFACE_CORRIDOR_DIAGNOSTICS.json/1/signed_surface_to_positive_face_quantiles_m/3,c9b92f7a403449dcedf06618a4792379f0accc9cf2606e37f6fedce991e4570b,"Existing value; original source hash is provenance, not a hash of the public extract"
metric,scene_28_12|Vehicle:11|0062,M116:corridor_longitudinal_clearance_p75,data/measurements.json#/metrics/115/value,SOURCE_NOT_INCLUDED/SURFACE_CORRIDOR_DIAGNOSTICS.json/1/signed_surface_to_positive_face_quantiles_m/4,c9b92f7a403449dcedf06618a4792379f0accc9cf2606e37f6fedce991e4570b,"Existing value; original source hash is provenance, not a hash of the public extract"
metric,scene_28_12|Vehicle:11|0062,M117:corridor_longitudinal_clearance_p95,data/measurements.json#/metrics/116/value,SOURCE_NOT_INCLUDED/SURFACE_CORRIDOR_DIAGNOSTICS.json/1/signed_surface_to_positive_face_quantiles_m/5,c9b92f7a403449dcedf06618a4792379f0accc9cf2606e37f6fedce991e4570b,"Existing value; original source hash is provenance, not a hash of the public extract"
metric,scene_28_12|Vehicle:11|0062,M118:corridor_longitudinal_clearance_max,data/measurements.json#/metrics/117/value,SOURCE_NOT_INCLUDED/SURFACE_CORRIDOR_DIAGNOSTICS.json/1/signed_surface_to_positive_face_quantiles_m/6,c9b92f7a403449dcedf06618a4792379f0accc9cf2606e37f6fedce991e4570b,"Existing value; original source hash is provenance, not a hash of the public extract"
metric,scene_35_31|Vehicle:97|0188,M119:historical_GT_OBB_points,data/measurements.json#/metrics/118/value,SOURCE_NOT_INCLUDED/H01_HISTORICAL_NEAR_NUMERIC.json/GT_OBB_points,acc217de8fcda85e04587c4068c7d4ccbad6711ba4aa6fe8e700e3d11f519dc9,"Existing value; original source hash is provenance, not a hash of the public extract"
metric,scene_35_31|Vehicle:97|0188,M120:historical_native2D_ray_local_count,data/measurements.json#/metrics/119/value,SOURCE_NOT_INCLUDED/H01_HISTORICAL_NEAR_NUMERIC.json/native2D_ray_local_count,acc217de8fcda85e04587c4068c7d4ccbad6711ba4aa6fe8e700e3d11f519dc9,"Existing value; original source hash is provenance, not a hash of the public extract"
metric,scene_35_31|Vehicle:97|0188,M121:historical_native2D_ray_local_outside_GT,data/measurements.json#/metrics/120/value,SOURCE_NOT_INCLUDED/H01_HISTORICAL_NEAR_NUMERIC.json/native2D_ray_local_outside_GT,acc217de8fcda85e04587c4068c7d4ccbad6711ba4aa6fe8e700e3d11f519dc9,"Existing value; original source hash is provenance, not a hash of the public extract"
metric,scene_35_31|Vehicle:97|0188,M122:projected_rectangle_minus_native2D_center_u,data/measurements.json#/metrics/121/value,SOURCE_NOT_INCLUDED/H01_HISTORICAL_NEAR_NUMERIC.json/projected_minus_native_center_uv_px/0,acc217de8fcda85e04587c4068c7d4ccbad6711ba4aa6fe8e700e3d11f519dc9,"Existing value; original source hash is provenance, not a hash of the public extract"
metric,scene_35_31|Vehicle:97|0188,M123:projected_rectangle_minus_native2D_center_v,data/measurements.json#/metrics/122/value,SOURCE_NOT_INCLUDED/H01_HISTORICAL_NEAR_NUMERIC.json/projected_minus_native_center_uv_px/1,acc217de8fcda85e04587c4068c7d4ccbad6711ba4aa6fe8e700e3d11f519dc9,"Existing value; original source hash is provenance, not a hash of the public extract"
metric,scene_35_31|Vehicle:97|0188,M124:review_GT_OBB_points,data/measurements.json#/metrics/123/value,SOURCE_NOT_INCLUDED/SIX_CASES_AUDIT.json/2/GT_OBB_points,1c0d833083ef0373be72e0741646feb7b70b3fbbb1e9821b34812e1f8bafb6b4,"Existing value; original source hash is provenance, not a hash of the public extract"
metric,scene_35_31|Vehicle:97|0188,M125:review_projection_delta_u,data/measurements.json#/metrics/124/value,SOURCE_NOT_INCLUDED/SIX_CASES_AUDIT.json/2/projected_minus_native_center_uv_px/0,1c0d833083ef0373be72e0741646feb7b70b3fbbb1e9821b34812e1f8bafb6b4,"Existing value; original source hash is provenance, not a hash of the public extract"
metric,scene_35_31|Vehicle:97|0188,M126:review_projection_delta_v,data/measurements.json#/metrics/125/value,SOURCE_NOT_INCLUDED/SIX_CASES_AUDIT.json/2/projected_minus_native_center_uv_px/1,1c0d833083ef0373be72e0741646feb7b70b3fbbb1e9821b34812e1f8bafb6b4,"Existing value; original source hash is provenance, not a hash of the public extract"
metric,scene_42_8|Vehicle:87|0178,M127:historical_GT_OBB_points,data/measurements.json#/metrics/126/value,SOURCE_NOT_INCLUDED/H02_HISTORICAL_NEAR_NUMERIC.json/GT_OBB_points,6f3cdb90657b4a5b842d56ad74a555cbb13839bd87622825c7615ea62c80cb1f,"Existing value; original source hash is provenance, not a hash of the public extract"
metric,scene_42_8|Vehicle:87|0178,M128:historical_native2D_ray_local_count,data/measurements.json#/metrics/127/value,SOURCE_NOT_INCLUDED/H02_HISTORICAL_NEAR_NUMERIC.json/native2D_ray_local_count,6f3cdb90657b4a5b842d56ad74a555cbb13839bd87622825c7615ea62c80cb1f,"Existing value; original source hash is provenance, not a hash of the public extract"
metric,scene_42_8|Vehicle:87|0178,M129:historical_native2D_ray_local_outside_GT,data/measurements.json#/metrics/128/value,SOURCE_NOT_INCLUDED/H02_HISTORICAL_NEAR_NUMERIC.json/native2D_ray_local_outside_GT,6f3cdb90657b4a5b842d56ad74a555cbb13839bd87622825c7615ea62c80cb1f,"Existing value; original source hash is provenance, not a hash of the public extract"
metric,scene_42_8|Vehicle:87|0178,M130:projected_rectangle_minus_native2D_center_u,data/measurements.json#/metrics/129/value,SOURCE_NOT_INCLUDED/H02_HISTORICAL_NEAR_NUMERIC.json/projected_minus_native_center_uv_px/0,6f3cdb90657b4a5b842d56ad74a555cbb13839bd87622825c7615ea62c80cb1f,"Existing value; original source hash is provenance, not a hash of the public extract"
metric,scene_42_8|Vehicle:87|0178,M131:projected_rectangle_minus_native2D_center_v,data/measurements.json#/metrics/130/value,SOURCE_NOT_INCLUDED/H02_HISTORICAL_NEAR_NUMERIC.json/projected_minus_native_center_uv_px/1,6f3cdb90657b4a5b842d56ad74a555cbb13839bd87622825c7615ea62c80cb1f,"Existing value; original source hash is provenance, not a hash of the public extract"
metric,scene_42_8|Vehicle:87|0178,M132:review_GT_OBB_points,data/measurements.json#/metrics/131/value,SOURCE_NOT_INCLUDED/SIX_CASES_AUDIT.json/3/GT_OBB_points,1c0d833083ef0373be72e0741646feb7b70b3fbbb1e9821b34812e1f8bafb6b4,"Existing value; original source hash is provenance, not a hash of the public extract"
metric,scene_42_8|Vehicle:87|0178,M133:review_projection_delta_u,data/measurements.json#/metrics/132/value,SOURCE_NOT_INCLUDED/SIX_CASES_AUDIT.json/3/projected_minus_native_center_uv_px/0,1c0d833083ef0373be72e0741646feb7b70b3fbbb1e9821b34812e1f8bafb6b4,"Existing value; original source hash is provenance, not a hash of the public extract"
metric,scene_42_8|Vehicle:87|0178,M134:review_projection_delta_v,data/measurements.json#/metrics/133/value,SOURCE_NOT_INCLUDED/SIX_CASES_AUDIT.json/3/projected_minus_native_center_uv_px/1,1c0d833083ef0373be72e0741646feb7b70b3fbbb1e9821b34812e1f8bafb6b4,"Existing value; original source hash is provenance, not a hash of the public extract"
metric,scene_28_9|Vehicle:6|0285,M135:historical_GT_OBB_points,data/measurements.json#/metrics/134/value,SOURCE_NOT_INCLUDED/N01_NEAR_NUMERIC.json/GT_OBB_points,1412af4a4f55a079b6bec89200d8aea152ff7847928281cc0ddd7e7113bef9df,"Existing value; original source hash is provenance, not a hash of the public extract"
metric,scene_28_9|Vehicle:6|0285,M136:historical_native2D_ray_local_count,data/measurements.json#/metrics/135/value,SOURCE_NOT_INCLUDED/N01_NEAR_NUMERIC.json/native2D_ray_local_count,1412af4a4f55a079b6bec89200d8aea152ff7847928281cc0ddd7e7113bef9df,"Existing value; original source hash is provenance, not a hash of the public extract"
metric,scene_28_9|Vehicle:6|0285,M137:historical_native2D_ray_local_outside_GT,data/measurements.json#/metrics/136/value,SOURCE_NOT_INCLUDED/N01_NEAR_NUMERIC.json/native2D_ray_local_outside_GT,1412af4a4f55a079b6bec89200d8aea152ff7847928281cc0ddd7e7113bef9df,"Existing value; original source hash is provenance, not a hash of the public extract"
metric,scene_28_9|Vehicle:6|0285,M138:projected_rectangle_minus_native2D_center_u,data/measurements.json#/metrics/137/value,SOURCE_NOT_INCLUDED/N01_NEAR_NUMERIC.json/projected_minus_native_center_uv_px/0,1412af4a4f55a079b6bec89200d8aea152ff7847928281cc0ddd7e7113bef9df,"Existing value; original source hash is provenance, not a hash of the public extract"
metric,scene_28_9|Vehicle:6|0285,M139:projected_rectangle_minus_native2D_center_v,data/measurements.json#/metrics/138/value,SOURCE_NOT_INCLUDED/N01_NEAR_NUMERIC.json/projected_minus_native_center_uv_px/1,1412af4a4f55a079b6bec89200d8aea152ff7847928281cc0ddd7e7113bef9df,"Existing value; original source hash is provenance, not a hash of the public extract"
metric,scene_28_9|Vehicle:6|0324,M140:historical_GT_OBB_points,data/measurements.json#/metrics/139/value,SOURCE_NOT_INCLUDED/N01_FAR_NUMERIC.json/GT_OBB_points,0394c4e57ccca672ff5c602d3a597c2342e428802e79804d931e0a67620d6dd9,"Existing value; original source hash is provenance, not a hash of the public extract"
metric,scene_28_9|Vehicle:6|0324,M141:historical_native2D_ray_local_count,data/measurements.json#/metrics/140/value,SOURCE_NOT_INCLUDED/N01_FAR_NUMERIC.json/native2D_ray_local_count,0394c4e57ccca672ff5c602d3a597c2342e428802e79804d931e0a67620d6dd9,"Existing value; original source hash is provenance, not a hash of the public extract"
metric,scene_28_9|Vehicle:6|0324,M142:historical_native2D_ray_local_outside_GT,data/measurements.json#/metrics/141/value,SOURCE_NOT_INCLUDED/N01_FAR_NUMERIC.json/native2D_ray_local_outside_GT,0394c4e57ccca672ff5c602d3a597c2342e428802e79804d931e0a67620d6dd9,"Existing value; original source hash is provenance, not a hash of the public extract"
metric,scene_28_9|Vehicle:6|0324,M143:projected_rectangle_minus_native2D_center_u,data/measurements.json#/metrics/142/value,SOURCE_NOT_INCLUDED/N01_FAR_NUMERIC.json/projected_minus_native_center_uv_px/0,0394c4e57ccca672ff5c602d3a597c2342e428802e79804d931e0a67620d6dd9,"Existing value; original source hash is provenance, not a hash of the public extract"
metric,scene_28_9|Vehicle:6|0324,M144:projected_rectangle_minus_native2D_center_v,data/measurements.json#/metrics/143/value,SOURCE_NOT_INCLUDED/N01_FAR_NUMERIC.json/projected_minus_native_center_uv_px/1,0394c4e57ccca672ff5c602d3a597c2342e428802e79804d931e0a67620d6dd9,"Existing value; original source hash is provenance, not a hash of the public extract"
metric,scene_28_9|Vehicle:8|0253,M145:historical_GT_OBB_points,data/measurements.json#/metrics/144/value,SOURCE_NOT_INCLUDED/N02_NEAR_NUMERIC.json/GT_OBB_points,2b2f5e617ab25b9a04f06a0ad7b5a229c9ad4544775502fcec9de17db7663e68,"Existing value; original source hash is provenance, not a hash of the public extract"
metric,scene_28_9|Vehicle:8|0253,M146:historical_native2D_ray_local_count,data/measurements.json#/metrics/145/value,SOURCE_NOT_INCLUDED/N02_NEAR_NUMERIC.json/native2D_ray_local_count,2b2f5e617ab25b9a04f06a0ad7b5a229c9ad4544775502fcec9de17db7663e68,"Existing value; original source hash is provenance, not a hash of the public extract"
metric,scene_28_9|Vehicle:8|0253,M147:historical_native2D_ray_local_outside_GT,data/measurements.json#/metrics/146/value,SOURCE_NOT_INCLUDED/N02_NEAR_NUMERIC.json/native2D_ray_local_outside_GT,2b2f5e617ab25b9a04f06a0ad7b5a229c9ad4544775502fcec9de17db7663e68,"Existing value; original source hash is provenance, not a hash of the public extract"
metric,scene_28_9|Vehicle:8|0253,M148:projected_rectangle_minus_native2D_center_u,data/measurements.json#/metrics/147/value,SOURCE_NOT_INCLUDED/N02_NEAR_NUMERIC.json/projected_minus_native_center_uv_px/0,2b2f5e617ab25b9a04f06a0ad7b5a229c9ad4544775502fcec9de17db7663e68,"Existing value; original source hash is provenance, not a hash of the public extract"
metric,scene_28_9|Vehicle:8|0253,M149:projected_rectangle_minus_native2D_center_v,data/measurements.json#/metrics/148/value,SOURCE_NOT_INCLUDED/N02_NEAR_NUMERIC.json/projected_minus_native_center_uv_px/1,2b2f5e617ab25b9a04f06a0ad7b5a229c9ad4544775502fcec9de17db7663e68,"Existing value; original source hash is provenance, not a hash of the public extract"
metric,scene_28_9|Vehicle:8|0340,M150:historical_GT_OBB_points,data/measurements.json#/metrics/149/value,SOURCE_NOT_INCLUDED/N02_FAR_NUMERIC.json/GT_OBB_points,745a3bcb6f7d2eb8a251f110610bded8f44bd3f95585da28648ab1ee51ee1c7f,"Existing value; original source hash is provenance, not a hash of the public extract"
metric,scene_28_9|Vehicle:8|0340,M151:historical_native2D_ray_local_count,data/measurements.json#/metrics/150/value,SOURCE_NOT_INCLUDED/N02_FAR_NUMERIC.json/native2D_ray_local_count,745a3bcb6f7d2eb8a251f110610bded8f44bd3f95585da28648ab1ee51ee1c7f,"Existing value; original source hash is provenance, not a hash of the public extract"
metric,scene_28_9|Vehicle:8|0340,M152:historical_native2D_ray_local_outside_GT,data/measurements.json#/metrics/151/value,SOURCE_NOT_INCLUDED/N02_FAR_NUMERIC.json/native2D_ray_local_outside_GT,745a3bcb6f7d2eb8a251f110610bded8f44bd3f95585da28648ab1ee51ee1c7f,"Existing value; original source hash is provenance, not a hash of the public extract"
metric,scene_28_9|Vehicle:8|0340,M153:projected_rectangle_minus_native2D_center_u,data/measurements.json#/metrics/152/value,SOURCE_NOT_INCLUDED/N02_FAR_NUMERIC.json/projected_minus_native_center_uv_px/0,745a3bcb6f7d2eb8a251f110610bded8f44bd3f95585da28648ab1ee51ee1c7f,"Existing value; original source hash is provenance, not a hash of the public extract"
metric,scene_28_9|Vehicle:8|0340,M154:projected_rectangle_minus_native2D_center_v,data/measurements.json#/metrics/153/value,SOURCE_NOT_INCLUDED/N02_FAR_NUMERIC.json/projected_minus_native_center_uv_px/1,745a3bcb6f7d2eb8a251f110610bded8f44bd3f95585da28648ab1ee51ee1c7f,"Existing value; original source hash is provenance, not a hash of the public extract"
metric,scene_28_12|Vehicle:9|0086,M155:historical_GT_OBB_points,data/measurements.json#/metrics/154/value,SOURCE_NOT_INCLUDED/N03_NEAR_NUMERIC.json/GT_OBB_points,695663f6d1404b58a0dad7baa75d57c2736b78ab76c1799253139dc3d69f5182,"Existing value; original source hash is provenance, not a hash of the public extract"
metric,scene_28_12|Vehicle:9|0086,M156:historical_native2D_ray_local_count,data/measurements.json#/metrics/155/value,SOURCE_NOT_INCLUDED/N03_NEAR_NUMERIC.json/native2D_ray_local_count,695663f6d1404b58a0dad7baa75d57c2736b78ab76c1799253139dc3d69f5182,"Existing value; original source hash is provenance, not a hash of the public extract"
metric,scene_28_12|Vehicle:9|0086,M157:historical_native2D_ray_local_outside_GT,data/measurements.json#/metrics/156/value,SOURCE_NOT_INCLUDED/N03_NEAR_NUMERIC.json/native2D_ray_local_outside_GT,695663f6d1404b58a0dad7baa75d57c2736b78ab76c1799253139dc3d69f5182,"Existing value; original source hash is provenance, not a hash of the public extract"
metric,scene_28_12|Vehicle:9|0086,M158:projected_rectangle_minus_native2D_center_u,data/measurements.json#/metrics/157/value,SOURCE_NOT_INCLUDED/N03_NEAR_NUMERIC.json/projected_minus_native_center_uv_px/0,695663f6d1404b58a0dad7baa75d57c2736b78ab76c1799253139dc3d69f5182,"Existing value; original source hash is provenance, not a hash of the public extract"
metric,scene_28_12|Vehicle:9|0086,M159:projected_rectangle_minus_native2D_center_v,data/measurements.json#/metrics/158/value,SOURCE_NOT_INCLUDED/N03_NEAR_NUMERIC.json/projected_minus_native_center_uv_px/1,695663f6d1404b58a0dad7baa75d57c2736b78ab76c1799253139dc3d69f5182,"Existing value; original source hash is provenance, not a hash of the public extract"
metric,scene_28_12|Vehicle:9|0126,M160:historical_GT_OBB_points,data/measurements.json#/metrics/159/value,SOURCE_NOT_INCLUDED/N03_FAR_NUMERIC.json/GT_OBB_points,62bc1e816e12cd5d178aa97ac9dd4e381fe11891c3888725b0590ba6303fd6b3,"Existing value; original source hash is provenance, not a hash of the public extract"
metric,scene_28_12|Vehicle:9|0126,M161:historical_native2D_ray_local_count,data/measurements.json#/metrics/160/value,SOURCE_NOT_INCLUDED/N03_FAR_NUMERIC.json/native2D_ray_local_count,62bc1e816e12cd5d178aa97ac9dd4e381fe11891c3888725b0590ba6303fd6b3,"Existing value; original source hash is provenance, not a hash of the public extract"
metric,scene_28_12|Vehicle:9|0126,M162:historical_native2D_ray_local_outside_GT,data/measurements.json#/metrics/161/value,SOURCE_NOT_INCLUDED/N03_FAR_NUMERIC.json/native2D_ray_local_outside_GT,62bc1e816e12cd5d178aa97ac9dd4e381fe11891c3888725b0590ba6303fd6b3,"Existing value; original source hash is provenance, not a hash of the public extract"
metric,scene_28_12|Vehicle:9|0126,M163:projected_rectangle_minus_native2D_center_u,data/measurements.json#/metrics/162/value,SOURCE_NOT_INCLUDED/N03_FAR_NUMERIC.json/projected_minus_native_center_uv_px/0,62bc1e816e12cd5d178aa97ac9dd4e381fe11891c3888725b0590ba6303fd6b3,"Existing value; original source hash is provenance, not a hash of the public extract"
metric,scene_28_12|Vehicle:9|0126,M164:projected_rectangle_minus_native2D_center_v,data/measurements.json#/metrics/163/value,SOURCE_NOT_INCLUDED/N03_FAR_NUMERIC.json/projected_minus_native_center_uv_px/1,62bc1e816e12cd5d178aa97ac9dd4e381fe11891c3888725b0590ba6303fd6b3,"Existing value; original source hash is provenance, not a hash of the public extract"
metric,scene_28_12|Vehicle:11|0100,M165:historical_GT_OBB_points,data/measurements.json#/metrics/164/value,SOURCE_NOT_INCLUDED/N04_NEAR_NUMERIC.json/GT_OBB_points,97c27897989cb34eaad82b66da87271544db58937ac89a1c237c9f85682a54bd,"Existing value; original source hash is provenance, not a hash of the public extract"
metric,scene_28_12|Vehicle:11|0100,M166:historical_native2D_ray_local_count,data/measurements.json#/metrics/165/value,SOURCE_NOT_INCLUDED/N04_NEAR_NUMERIC.json/native2D_ray_local_count,97c27897989cb34eaad82b66da87271544db58937ac89a1c237c9f85682a54bd,"Existing value; original source hash is provenance, not a hash of the public extract"
metric,scene_28_12|Vehicle:11|0100,M167:historical_native2D_ray_local_outside_GT,data/measurements.json#/metrics/166/value,SOURCE_NOT_INCLUDED/N04_NEAR_NUMERIC.json/native2D_ray_local_outside_GT,97c27897989cb34eaad82b66da87271544db58937ac89a1c237c9f85682a54bd,"Existing value; original source hash is provenance, not a hash of the public extract"
metric,scene_28_12|Vehicle:11|0100,M168:projected_rectangle_minus_native2D_center_u,data/measurements.json#/metrics/167/value,SOURCE_NOT_INCLUDED/N04_NEAR_NUMERIC.json/projected_minus_native_center_uv_px/0,97c27897989cb34eaad82b66da87271544db58937ac89a1c237c9f85682a54bd,"Existing value; original source hash is provenance, not a hash of the public extract"
metric,scene_28_12|Vehicle:11|0100,M169:projected_rectangle_minus_native2D_center_v,data/measurements.json#/metrics/168/value,SOURCE_NOT_INCLUDED/N04_NEAR_NUMERIC.json/projected_minus_native_center_uv_px/1,97c27897989cb34eaad82b66da87271544db58937ac89a1c237c9f85682a54bd,"Existing value; original source hash is provenance, not a hash of the public extract"
metric,scene_28_12|Vehicle:11|0062,M170:historical_GT_OBB_points,data/measurements.json#/metrics/169/value,SOURCE_NOT_INCLUDED/N04_FAR_NUMERIC.json/GT_OBB_points,603f71c179bfe88496675176e7c9c02111e00f9a6de465df00a90c308625714c,"Existing value; original source hash is provenance, not a hash of the public extract"
metric,scene_28_12|Vehicle:11|0062,M171:historical_native2D_ray_local_count,data/measurements.json#/metrics/170/value,SOURCE_NOT_INCLUDED/N04_FAR_NUMERIC.json/native2D_ray_local_count,603f71c179bfe88496675176e7c9c02111e00f9a6de465df00a90c308625714c,"Existing value; original source hash is provenance, not a hash of the public extract"
metric,scene_28_12|Vehicle:11|0062,M172:historical_native2D_ray_local_outside_GT,data/measurements.json#/metrics/171/value,SOURCE_NOT_INCLUDED/N04_FAR_NUMERIC.json/native2D_ray_local_outside_GT,603f71c179bfe88496675176e7c9c02111e00f9a6de465df00a90c308625714c,"Existing value; original source hash is provenance, not a hash of the public extract"
metric,scene_28_12|Vehicle:11|0062,M173:projected_rectangle_minus_native2D_center_u,data/measurements.json#/metrics/172/value,SOURCE_NOT_INCLUDED/N04_FAR_NUMERIC.json/projected_minus_native_center_uv_px/0,603f71c179bfe88496675176e7c9c02111e00f9a6de465df00a90c308625714c,"Existing value; original source hash is provenance, not a hash of the public extract"
metric,scene_28_12|Vehicle:11|0062,M174:projected_rectangle_minus_native2D_center_v,data/measurements.json#/metrics/173/value,SOURCE_NOT_INCLUDED/N04_FAR_NUMERIC.json/projected_minus_native_center_uv_px/1,603f71c179bfe88496675176e7c9c02111e00f9a6de465df00a90c308625714c,"Existing value; original source hash is provenance, not a hash of the public extract"
metric,scene_35_31|Vehicle:97|0129,M175:historical_GT_OBB_points,data/measurements.json#/metrics/174/value,SOURCE_NOT_INCLUDED/H01_FAR_NUMERIC.json/GT_OBB_points,109aee37228a4593b7077109f4f5309421f910b9583605ad610d755018e34d02,"Existing value; original source hash is provenance, not a hash of the public extract"
metric,scene_35_31|Vehicle:97|0129,M176:historical_native2D_ray_local_count,data/measurements.json#/metrics/175/value,SOURCE_NOT_INCLUDED/H01_FAR_NUMERIC.json/native2D_ray_local_count,109aee37228a4593b7077109f4f5309421f910b9583605ad610d755018e34d02,"Existing value; original source hash is provenance, not a hash of the public extract"
metric,scene_35_31|Vehicle:97|0129,M177:historical_native2D_ray_local_outside_GT,data/measurements.json#/metrics/176/value,SOURCE_NOT_INCLUDED/H01_FAR_NUMERIC.json/native2D_ray_local_outside_GT,109aee37228a4593b7077109f4f5309421f910b9583605ad610d755018e34d02,"Existing value; original source hash is provenance, not a hash of the public extract"
metric,scene_35_31|Vehicle:97|0129,M178:projected_rectangle_minus_native2D_center_u,data/measurements.json#/metrics/177/value,SOURCE_NOT_INCLUDED/H01_FAR_NUMERIC.json/projected_minus_native_center_uv_px/0,109aee37228a4593b7077109f4f5309421f910b9583605ad610d755018e34d02,"Existing value; original source hash is provenance, not a hash of the public extract"
metric,scene_35_31|Vehicle:97|0129,M179:projected_rectangle_minus_native2D_center_v,data/measurements.json#/metrics/178/value,SOURCE_NOT_INCLUDED/H01_FAR_NUMERIC.json/projected_minus_native_center_uv_px/1,109aee37228a4593b7077109f4f5309421f910b9583605ad610d755018e34d02,"Existing value; original source hash is provenance, not a hash of the public extract"
metric,scene_36_39|RoadObstruction:5|0090,M180:review_GT_OBB_points,data/measurements.json#/metrics/179/value,SOURCE_NOT_INCLUDED/SIX_CASES_AUDIT.json/0/GT_OBB_points,1c0d833083ef0373be72e0741646feb7b70b3fbbb1e9821b34812e1f8bafb6b4,"Existing value; original source hash is provenance, not a hash of the public extract"
metric,scene_36_39|RoadObstruction:5|0090,M181:review_projection_delta_u,data/measurements.json#/metrics/180/value,SOURCE_NOT_INCLUDED/SIX_CASES_AUDIT.json/0/projected_minus_native_center_uv_px/0,1c0d833083ef0373be72e0741646feb7b70b3fbbb1e9821b34812e1f8bafb6b4,"Existing value; original source hash is provenance, not a hash of the public extract"
metric,scene_36_39|RoadObstruction:5|0090,M182:review_projection_delta_v,data/measurements.json#/metrics/181/value,SOURCE_NOT_INCLUDED/SIX_CASES_AUDIT.json/0/projected_minus_native_center_uv_px/1,1c0d833083ef0373be72e0741646feb7b70b3fbbb1e9821b34812e1f8bafb6b4,"Existing value; original source hash is provenance, not a hash of the public extract"
metric,scene_36_39|RoadObstruction:5|0090,M183:fixed11_count,data/measurements.json#/metrics/182/value,SOURCE_NOT_INCLUDED/FRAME_DIAGNOSTICS.json/selected_left_ray_returns/count,273edb7e963d0e8217959c241756ca0b7689ff49d52bdf7230b08ef6c0421be7,"Existing value; original source hash is provenance, not a hash of the public extract"
metric,scene_36_39|RoadObstruction:5|0090,M184:fixed11_front_native2D_inside,data/measurements.json#/metrics/183/value,SOURCE_NOT_INCLUDED/FRAME_DIAGNOSTICS.json/selected_left_ray_returns/front_native2D_inside,273edb7e963d0e8217959c241756ca0b7689ff49d52bdf7230b08ef6c0421be7,"Existing value; original source hash is provenance, not a hash of the public extract"
metric,scene_36_39|RoadObstruction:5|0090,M185:fixed11_front_native2D_right,data/measurements.json#/metrics/184/value,SOURCE_NOT_INCLUDED/FRAME_DIAGNOSTICS.json/selected_left_ray_returns/front_native2D_right,273edb7e963d0e8217959c241756ca0b7689ff49d52bdf7230b08ef6c0421be7,"Existing value; original source hash is provenance, not a hash of the public extract"
metric,scene_36_39|RoadObstruction:5|0090,M186:fixed11_extent_x,data/measurements.json#/metrics/185/value,SOURCE_NOT_INCLUDED/FRAME_DIAGNOSTICS.json/selected_left_ray_returns/XYZ_extent_m/0,273edb7e963d0e8217959c241756ca0b7689ff49d52bdf7230b08ef6c0421be7,"Existing value; original source hash is provenance, not a hash of the public extract"
metric,scene_36_39|RoadObstruction:5|0090,M187:fixed11_extent_y,data/measurements.json#/metrics/186/value,SOURCE_NOT_INCLUDED/FRAME_DIAGNOSTICS.json/selected_left_ray_returns/XYZ_extent_m/1,273edb7e963d0e8217959c241756ca0b7689ff49d52bdf7230b08ef6c0421be7,"Existing value; original source hash is provenance, not a hash of the public extract"
metric,scene_36_39|RoadObstruction:5|0090,M188:fixed11_extent_z,data/measurements.json#/metrics/187/value,SOURCE_NOT_INCLUDED/FRAME_DIAGNOSTICS.json/selected_left_ray_returns/XYZ_extent_m/2,273edb7e963d0e8217959c241756ca0b7689ff49d52bdf7230b08ef6c0421be7,"Existing value; original source hash is provenance, not a hash of the public extract"
metric,scene_36_39|RoadObstruction:5|0090,M189:fixed11_solid_gap_min,data/measurements.json#/metrics/188/value,SOURCE_NOT_INCLUDED/FRAME_DIAGNOSTICS.json/selected_left_ray_returns/GT_solid_gap_minmax_m/0,273edb7e963d0e8217959c241756ca0b7689ff49d52bdf7230b08ef6c0421be7,"Existing value; original source hash is provenance, not a hash of the public extract"
metric,scene_36_39|RoadObstruction:5|0090,M190:fixed11_solid_gap_max,data/measurements.json#/metrics/189/value,SOURCE_NOT_INCLUDED/FRAME_DIAGNOSTICS.json/selected_left_ray_returns/GT_solid_gap_minmax_m/1,273edb7e963d0e8217959c241756ca0b7689ff49d52bdf7230b08ef6c0421be7,"Existing value; original source hash is provenance, not a hash of the public extract"
metric,scene_28_9|RoadObstruction:22|0346,M191:review_GT_OBB_points,data/measurements.json#/metrics/190/value,SOURCE_NOT_INCLUDED/SIX_CASES_AUDIT.json/1/GT_OBB_points,1c0d833083ef0373be72e0741646feb7b70b3fbbb1e9821b34812e1f8bafb6b4,"Existing value; original source hash is provenance, not a hash of the public extract"
metric,scene_28_9|RoadObstruction:22|0346,M192:review_projection_delta_u,data/measurements.json#/metrics/191/value,SOURCE_NOT_INCLUDED/SIX_CASES_AUDIT.json/1/projected_minus_native_center_uv_px/0,1c0d833083ef0373be72e0741646feb7b70b3fbbb1e9821b34812e1f8bafb6b4,"Existing value; original source hash is provenance, not a hash of the public extract"
metric,scene_28_9|RoadObstruction:22|0346,M193:review_projection_delta_v,data/measurements.json#/metrics/192/value,SOURCE_NOT_INCLUDED/SIX_CASES_AUDIT.json/1/projected_minus_native_center_uv_px/1,1c0d833083ef0373be72e0741646feb7b70b3fbbb1e9821b34812e1f8bafb6b4,"Existing value; original source hash is provenance, not a hash of the public extract"
metric,scene_28_9|RoadObstruction:18|0107,M194:review_GT_OBB_points,data/measurements.json#/metrics/193/value,SOURCE_NOT_INCLUDED/SIX_CASES_AUDIT.json/4/GT_OBB_points,1c0d833083ef0373be72e0741646feb7b70b3fbbb1e9821b34812e1f8bafb6b4,"Existing value; original source hash is provenance, not a hash of the public extract"
metric,scene_28_9|RoadObstruction:18|0107,M195:review_projection_delta_u,data/measurements.json#/metrics/194/value,SOURCE_NOT_INCLUDED/SIX_CASES_AUDIT.json/4/projected_minus_native_center_uv_px/0,1c0d833083ef0373be72e0741646feb7b70b3fbbb1e9821b34812e1f8bafb6b4,"Existing value; original source hash is provenance, not a hash of the public extract"
metric,scene_28_9|RoadObstruction:18|0107,M196:review_projection_delta_v,data/measurements.json#/metrics/195/value,SOURCE_NOT_INCLUDED/SIX_CASES_AUDIT.json/4/projected_minus_native_center_uv_px/1,1c0d833083ef0373be72e0741646feb7b70b3fbbb1e9821b34812e1f8bafb6b4,"Existing value; original source hash is provenance, not a hash of the public extract"
metric,scene_36_39|RoadObstruction:7|0057,M197:review_GT_OBB_points,data/measurements.json#/metrics/196/value,SOURCE_NOT_INCLUDED/SIX_CASES_AUDIT.json/5/GT_OBB_points,1c0d833083ef0373be72e0741646feb7b70b3fbbb1e9821b34812e1f8bafb6b4,"Existing value; original source hash is provenance, not a hash of the public extract"
metric,scene_36_39|RoadObstruction:7|0057,M198:review_projection_delta_u,data/measurements.json#/metrics/197/value,SOURCE_NOT_INCLUDED/SIX_CASES_AUDIT.json/5/projected_minus_native_center_uv_px/0,1c0d833083ef0373be72e0741646feb7b70b3fbbb1e9821b34812e1f8bafb6b4,"Existing value; original source hash is provenance, not a hash of the public extract"
metric,scene_36_39|RoadObstruction:7|0057,M199:review_projection_delta_v,data/measurements.json#/metrics/198/value,SOURCE_NOT_INCLUDED/SIX_CASES_AUDIT.json/5/projected_minus_native_center_uv_px/1,1c0d833083ef0373be72e0741646feb7b70b3fbbb1e9821b34812e1f8bafb6b4,"Existing value; original source hash is provenance, not a hash of the public extract"
point_group,scene_35_31|Vehicle:97|0188,H01_UNION_589_PIXEL_AND_794_GT_CORRIDOR,data/fixed_point_indices.csv; case_key=scene_35_31|Vehicle:97|0188; group=H01_UNION_589_PIXEL_AND_794_GT_CORRIDOR,SOURCE_NOT_INCLUDED/coordinate_table,5c1a835d34be672daf3e5ec84bfbf905ebbdcfe5728393c50b5edd351c3559a1,840 saved rows; raw_row_index
point_group,scene_35_31|Vehicle:97|0188,HISTORICAL_SEARCH_REGION_UNASSIGNED,data/fixed_point_indices.csv; case_key=scene_35_31|Vehicle:97|0188; group=HISTORICAL_SEARCH_REGION_UNASSIGNED,SOURCE_NOT_INCLUDED/coordinate_table,f5b349229e2e9334bc36f4abc43d5198519135c7323b338f0360bf064ce3b46c,2368 saved rows; raw_row_index
point_group,scene_35_31|Vehicle:97|0129,HISTORICAL_SEARCH_REGION_UNASSIGNED,data/fixed_point_indices.csv; case_key=scene_35_31|Vehicle:97|0129; group=HISTORICAL_SEARCH_REGION_UNASSIGNED,SOURCE_NOT_INCLUDED/coordinate_table,1ed750d369ebe246517edbe6859051365b24f64e1ce6880fa0c70a0bd8d5e012,27 saved rows; raw_row_index
point_group,scene_36_27|Vehicle:3|0118,PIXEL_PANEL_FIXED,data/fixed_point_indices.csv; case_key=scene_36_27|Vehicle:3|0118; group=PIXEL_PANEL_FIXED,SOURCE_NOT_INCLUDED/coordinate_table,cf48500ad49811b37d396770cefc2c38435a4f1480627e39e804be41bf2c6997,1461 saved rows; raw_row_index
point_group,scene_36_39|Vehicle:10|0032,PIXEL_PANEL_FIXED,data/fixed_point_indices.csv; case_key=scene_36_39|Vehicle:10|0032; group=PIXEL_PANEL_FIXED,SOURCE_NOT_INCLUDED/coordinate_table,e3caf2602a905506c6da89ccf74110619b0ec7be0756c7ceef9ec01aec5afe8b,282 saved rows; raw_row_index
point_group,scene_36_39|Vehicle:10|0070,PIXEL_PANEL_FIXED,data/fixed_point_indices.csv; case_key=scene_36_39|Vehicle:10|0070; group=PIXEL_PANEL_FIXED,SOURCE_NOT_INCLUDED/coordinate_table,8d2bb515bd94b025f23a7699b4e549e112a1026b3f3d93996e51a8acd1b7eff5,1600 saved rows; raw_row_index
point_group,scene_28_12|Vehicle:11|0062,HISTORICAL_SEARCH_REGION_UNASSIGNED,data/fixed_point_indices.csv; case_key=scene_28_12|Vehicle:11|0062; group=HISTORICAL_SEARCH_REGION_UNASSIGNED,SOURCE_NOT_INCLUDED/coordinate_table,9f30cd580b0617c065aa23d8ff8128fc0dadbe219e019f195533c8d2c614a1cd,84 saved rows; raw_row_index
point_group,scene_28_12|Vehicle:11|0100,HISTORICAL_SEARCH_REGION_UNASSIGNED,data/fixed_point_indices.csv; case_key=scene_28_12|Vehicle:11|0100; group=HISTORICAL_SEARCH_REGION_UNASSIGNED,SOURCE_NOT_INCLUDED/coordinate_table,6d59509c53da67514530066971ccd63b49ed8fb81fb852697ee6df651424f636,800 saved rows; raw_row_index
point_group,scene_36_39|Vehicle:1|0032,PIXEL_PANEL_FIXED,data/fixed_point_indices.csv; case_key=scene_36_39|Vehicle:1|0032; group=PIXEL_PANEL_FIXED,SOURCE_NOT_INCLUDED/coordinate_table,bf4430dfab6091af02ac0d8ada12872720cf50f77b00330bccd6093458cf0a7b,94 saved rows; raw_row_index
point_group,scene_36_27|Vehicle:10|0034,PIXEL_PANEL_FIXED,data/fixed_point_indices.csv; case_key=scene_36_27|Vehicle:10|0034; group=PIXEL_PANEL_FIXED,SOURCE_NOT_INCLUDED/coordinate_table,4c819de06adbf5dab25bf0aec0c85ad683aa73bf3564c79743be16ab8c2d0d04,0 saved rows; raw_row_index
point_group,scene_36_27|Vehicle:10|0056,PIXEL_PANEL_FIXED,data/fixed_point_indices.csv; case_key=scene_36_27|Vehicle:10|0056; group=PIXEL_PANEL_FIXED,SOURCE_NOT_INCLUDED/coordinate_table,4c819de06adbf5dab25bf0aec0c85ad683aa73bf3564c79743be16ab8c2d0d04,0 saved rows; raw_row_index
point_group,scene_42_8|Vehicle:87|0178,HISTORICAL_SEARCH_REGION_UNASSIGNED,data/fixed_point_indices.csv; case_key=scene_42_8|Vehicle:87|0178; group=HISTORICAL_SEARCH_REGION_UNASSIGNED,SOURCE_NOT_INCLUDED/coordinate_table,12e07d491dd508d3d9f6ea0a9715320c3edae12c93d51c18a1e79a6ae1dd24d7,5810 saved rows; raw_row_index
point_group,scene_28_9|Vehicle:6|0285,HISTORICAL_SEARCH_REGION_UNASSIGNED,data/fixed_point_indices.csv; case_key=scene_28_9|Vehicle:6|0285; group=HISTORICAL_SEARCH_REGION_UNASSIGNED,SOURCE_NOT_INCLUDED/coordinate_table,b5f0b54f90491e897b83635996e81d1f19d1d8aa24d8bf7e5edc4403a43ddffd,468 saved rows; raw_row_index
point_group,scene_28_9|Vehicle:6|0324,HISTORICAL_SEARCH_REGION_UNASSIGNED,data/fixed_point_indices.csv; case_key=scene_28_9|Vehicle:6|0324; group=HISTORICAL_SEARCH_REGION_UNASSIGNED,SOURCE_NOT_INCLUDED/coordinate_table,b4c146e550bab8da0ba6501ef364d25b84e056836eb82c291b40aa5fa549c8ba,12 saved rows; raw_row_index
point_group,scene_28_9|Vehicle:8|0253,HISTORICAL_SEARCH_REGION_UNASSIGNED,data/fixed_point_indices.csv; case_key=scene_28_9|Vehicle:8|0253; group=HISTORICAL_SEARCH_REGION_UNASSIGNED,SOURCE_NOT_INCLUDED/coordinate_table,3596aeae47dc1703b0dd1da47721da63fdfc2b3e1c60b054f1d94a157595dcc0,886 saved rows; raw_row_index
point_group,scene_28_9|Vehicle:8|0340,HISTORICAL_SEARCH_REGION_UNASSIGNED,data/fixed_point_indices.csv; case_key=scene_28_9|Vehicle:8|0340; group=HISTORICAL_SEARCH_REGION_UNASSIGNED,SOURCE_NOT_INCLUDED/coordinate_table,29f92bbeda79ef89af306342a29c88e6790d81fcf0de9c3378dbc1e613e362bf,0 saved rows; raw_row_index
point_group,scene_28_12|Vehicle:9|0086,HISTORICAL_SEARCH_REGION_UNASSIGNED,data/fixed_point_indices.csv; case_key=scene_28_12|Vehicle:9|0086; group=HISTORICAL_SEARCH_REGION_UNASSIGNED,SOURCE_NOT_INCLUDED/coordinate_table,81cb9dfffddd773359c49ea58f26ec34d055e487b52a5fe21f00f804fec26b4a,914 saved rows; raw_row_index
point_group,scene_28_12|Vehicle:9|0126,HISTORICAL_SEARCH_REGION_UNASSIGNED,data/fixed_point_indices.csv; case_key=scene_28_12|Vehicle:9|0126; group=HISTORICAL_SEARCH_REGION_UNASSIGNED,SOURCE_NOT_INCLUDED/coordinate_table,9940986f9b6173f40086726ae694ff1dfdcbcc5a698e3f094206710ffc680c9d,6 saved rows; raw_row_index
point_group,scene_36_39|RoadObstruction:5|0090,C01_SAME_FIXED11_CROSS_CAMERA,data/fixed_point_indices.csv; case_key=scene_36_39|RoadObstruction:5|0090; group=C01_SAME_FIXED11_CROSS_CAMERA,SOURCE_NOT_INCLUDED/coordinate_table,e80f917a712a80c1f327c5148e655db4f400f14ac5e7636a878bbdbff780c495,11 saved rows; raw_index
point_group,scene_28_9|RoadObstruction:18|0107,C05_UNASSIGNED_DISPLAY_COORDINATES_NO_RAW_INDEX,data/fixed_point_indices.csv; case_key=scene_28_9|RoadObstruction:18|0107; group=C05_UNASSIGNED_DISPLAY_COORDINATES_NO_RAW_INDEX,SOURCE_NOT_INCLUDED/coordinate_table,d70b2ddf04af013ad772a3eff8e0076bb92bf3f77e3f03870ae9ed6cc231fce8,33 saved rows; UNKNOWN: local display IDs are not raw indices
figure,scene_35_31|Vehicle:97|0188,H01_NATIVE_SCHEMA_CHAIN_COMPARISON.png,reports/Evidence_Atlas.pdf#page=2,figures/H01.png,ba97120dcf013344c96c67d239d853c668e7d66336a78756b3df6a7153c97221,"Green is the formal yaw box; purple is sensitivity only. The 589-point pixel rule does not depend on 3D GT geometry; selection was post hoc manual, not blinded."
figure,scene_35_31|Vehicle:97|0188,H01_NATIVE__ORTHOGRAPHIC_XY_XZ_YZ.png,reports/Evidence_Atlas.pdf#page=3,SOURCE_NOT_INCLUDED/H01_NATIVE__ORTHOGRAPHIC_XY_XZ_YZ.png,e9e6d985aa9f5e750e549c319e213f8a221b0c4299a3bf635a22886598daf3df,Joint translation/rotation of boxes and points is for display only. The existing point set is retained; no compensation or fit is applied.
figure,scene_35_31|Vehicle:97|0129,H01_FAR_EVIDENCE.png,reports/Evidence_Atlas.pdf#page=4,SOURCE_NOT_INCLUDED/H01_FAR_EVIDENCE.png,91dc8152bfb66f503a7f01a95732ce79d125f04055993597f6d19cd8209458ad,Gray/search returns are not automatically target points. Projected rectangle-center differences are not independently measured physical center errors.
figure,scene_36_27|Vehicle:3|0118,F01_NEAR_MID_NATIVE_EVIDENCE.png,reports/Evidence_Atlas.pdf#page=5,figures/F01.png,5df71714f6318c67780a7edd4bb51d03b404dacdd45a4fd5ba92ed9bd19525aa,All existing selection rows and tail/outlier returns are retained. Metric face clearance is not object-center error.
figure,scene_36_27|Vehicle:3|0118,F01_NEAR_MID__ORTHOGRAPHIC_XY_XZ_YZ.png,reports/Evidence_Atlas.pdf#page=6,SOURCE_NOT_INCLUDED/F01_NEAR_MID__ORTHOGRAPHIC_XY_XZ_YZ.png,76772458db94606dbc4ddcf003118e83a1924b3f5356aeead612f50c84558619,Joint translation/rotation of boxes and points is for display only. The existing point set is retained; no compensation or fit is applied.
figure,scene_36_39|Vehicle:10|0032,F03_FAR_NATIVE_EVIDENCE.png,reports/Evidence_Atlas.pdf#page=7,figures/F03_far.png,9bc496374501e8f49375e08a6a959fdfbc5f415330e8fead884ee591c0da5c05,All existing selection rows and tail/outlier returns are retained. Metric face clearance is not object-center error.
figure,scene_36_39|Vehicle:10|0032,F03_FAR__ORTHOGRAPHIC_XY_XZ_YZ.png,reports/Evidence_Atlas.pdf#page=8,SOURCE_NOT_INCLUDED/F03_FAR__ORTHOGRAPHIC_XY_XZ_YZ.png,c206f28b52725d25b9363b9dd87d9893ba105715fc7d18daba02290e2c3603e9,Joint translation/rotation of boxes and points is for display only. The existing point set is retained; no compensation or fit is applied.
figure,scene_36_39|Vehicle:10|0070,F03_NEAR_MID_NATIVE_EVIDENCE.png,reports/Evidence_Atlas.pdf#page=9,figures/F03_near.png,3dd8a131814330edbd71d1ec50c298477a8b7ca42ac80bf8ca44598c892967da,All existing selection rows and tail/outlier returns are retained. Metric face clearance is not object-center error.
figure,scene_36_39|Vehicle:10|0070,F03_NEAR_MID__ORTHOGRAPHIC_XY_XZ_YZ.png,reports/Evidence_Atlas.pdf#page=10,SOURCE_NOT_INCLUDED/F03_NEAR_MID__ORTHOGRAPHIC_XY_XZ_YZ.png,2cccac3e0d9e9376b69d06b092f8bf5779e84d257f62d5a95ba6e2de5b3935de,Joint translation/rotation of boxes and points is for display only. The existing point set is retained; no compensation or fit is applied.
figure,scene_36_39|Vehicle:10|0070,F03_NEAR_MID__sideward_right_front_wide__CAMERA_CONTEXT.png,reports/Evidence_Atlas.pdf#page=11,SOURCE_NOT_INCLUDED/F03_NEAR_MID__sideward_right_front_wide__CAMERA_CONTEXT.png,5ac435adcdd67aef460e462b132fda4cf8f589a88e0c035342569a76f46e2348,480 points and 3 corners enter at the extreme left edge. The clean JPEG does not confirm the same rear door; this is not a confirmed second view.
figure,scene_28_12|Vehicle:11|0062,N04_FAR_EVIDENCE.png,reports/Evidence_Atlas.pdf#page=12,SOURCE_NOT_INCLUDED/N04_FAR_EVIDENCE.png,28af53f7b82b013311076009b4b594088a7df030a7f09285d07471a7866749b4,The corridor depends on GT; physical attribution is moderate. A largest tail point is not whole-surface displacement.
figure,scene_28_12|Vehicle:11|0062,N04_FAR_SURFACE_DETAIL.png,reports/Evidence_Atlas.pdf#page=13,SOURCE_NOT_INCLUDED/N04_FAR_SURFACE_DETAIL.png,5c44e22e0dede13ba7c400c2397b581938adc479dfd3e1e7cfc53eae9e1e338c,"25/57 cross the end face; maximum 0.840725 m, overall median -1.258017 m. This is not center error."
figure,scene_28_12|Vehicle:11|0100,N04_NEAR_EVIDENCE.png,reports/Evidence_Atlas.pdf#page=14,SOURCE_NOT_INCLUDED/N04_NEAR_EVIDENCE.png,5a3e2fe7b85f8c7566aa2322a1365ece0eb6de600ee49c977101ac20eb36600d,Gray/search returns are not automatically target points. Projected rectangle-center differences are not independently measured physical center errors.
figure,scene_36_39|Vehicle:1|0032,F04_NEAR_MID_NATIVE_EVIDENCE.png,reports/Evidence_Atlas.pdf#page=15,SOURCE_NOT_INCLUDED/F04_NEAR_MID_NATIVE_EVIDENCE.png,7d150bbf2f3d8cab785ae5236a8cfe81b13fe4140003d7eaaf0fb2e2f9894e2e,F02's selected grille has no returns; F04 is partially consistent only. No complete-agreement control is established; road/background points are not forced into a match.
figure,scene_36_27|Vehicle:10|0034,F02_FAR_NATIVE_EVIDENCE.png,reports/Evidence_Atlas.pdf#page=16,SOURCE_NOT_INCLUDED/F02_FAR_NATIVE_EVIDENCE.png,9b5a6aa3793cb210ebfb5dd60428d846394d859b1865c7b52176e3214af89949,F02's selected grille has no returns; F04 is partially consistent only. No complete-agreement control is established; road/background points are not forced into a match.
figure,scene_36_27|Vehicle:10|0056,F02_NEAR_MID_NATIVE_EVIDENCE.png,reports/Evidence_Atlas.pdf#page=17,SOURCE_NOT_INCLUDED/F02_NEAR_MID_NATIVE_EVIDENCE.png,515b57a4643c8871084906d71dd21f55e202b4cca617c95599bbe4c9531b49c2,F02's selected grille has no returns; F04 is partially consistent only. No complete-agreement control is established; road/background points are not forced into a match.
figure,scene_42_8|Vehicle:87|0178,H02_HISTORICAL_NEAR_EVIDENCE.png,reports/Evidence_Atlas.pdf#page=18,SOURCE_NOT_INCLUDED/H02_HISTORICAL_NEAR_EVIDENCE.png,4f8b4493652be0aff8520631a0ea130ec763b522fef30ca546de506b7965fcd5,Gray/search returns are not automatically target points. Projected rectangle-center differences are not independently measured physical center errors.
figure,scene_28_9|Vehicle:6|0285,N01_NEAR_EVIDENCE.png,reports/Evidence_Atlas.pdf#page=19,SOURCE_NOT_INCLUDED/N01_NEAR_EVIDENCE.png,5f033faf71b2a77926534721b55c8110d8eca5f427ad2273251b94378adfb15b,Gray/search returns are not automatically target points. Projected rectangle-center differences are not independently measured physical center errors.
figure,scene_28_9|Vehicle:6|0324,N01_FAR_EVIDENCE.png,reports/Evidence_Atlas.pdf#page=20,SOURCE_NOT_INCLUDED/N01_FAR_EVIDENCE.png,41b0d2e3b41a577d0df8654a947eefbe458b05bd38d5c1e76222c01f67803fa6,Gray/search returns are not automatically target points. Projected rectangle-center differences are not independently measured physical center errors.
figure,scene_28_9|Vehicle:8|0253,N02_NEAR_EVIDENCE.png,reports/Evidence_Atlas.pdf#page=21,SOURCE_NOT_INCLUDED/N02_NEAR_EVIDENCE.png,75d0fde6752fdab85e81abd00fef39169dda5c79c6d2bfa00a9f9da248819f2c,Gray/search returns are not automatically target points. Projected rectangle-center differences are not independently measured physical center errors.
figure,scene_28_9|Vehicle:8|0340,N02_FAR_EVIDENCE.png,reports/Evidence_Atlas.pdf#page=22,SOURCE_NOT_INCLUDED/N02_FAR_EVIDENCE.png,2c90d95bae8d0c57e16b41bb902e59d45710948c906a3cb740c53cb9cf27c0a9,Gray/search returns are not automatically target points. Projected rectangle-center differences are not independently measured physical center errors.
figure,scene_28_12|Vehicle:9|0086,N03_NEAR_EVIDENCE.png,reports/Evidence_Atlas.pdf#page=23,SOURCE_NOT_INCLUDED/N03_NEAR_EVIDENCE.png,733a6e025baf22aee3361f734dfc60ff9073fc7e397bb2e550ec2df29e203ef7,Gray/search returns are not automatically target points. Projected rectangle-center differences are not independently measured physical center errors.
figure,scene_28_12|Vehicle:9|0126,N03_FAR_EVIDENCE.png,reports/Evidence_Atlas.pdf#page=24,SOURCE_NOT_INCLUDED/N03_FAR_EVIDENCE.png,3655543a103ec275b392129bb026d6c36dd343c0dfdfe26d47811381dd4577b4,Gray/search returns are not automatically target points. Projected rectangle-center differences are not independently measured physical center errors.
figure,scene_36_39|RoadObstruction:5|0090,C01_TARGET_TWO_VIEWS.png,reports/Evidence_Atlas.pdf#page=25,SOURCE_NOT_INCLUDED/C01_TARGET_TWO_VIEWS.png,5a9a5e366dedb68818439c54a2c7b9561436bce89ff79443c178123472a7267f,The side-image rectangle defines selection; 9 points project to the right of the visible forward-image barrel box. This supports a correspondence question; physical attribution is unverified.
figure,scene_36_39|RoadObstruction:5|0090,C01_PREPROJECTION_SPACE.png,reports/Evidence_Atlas.pdf#page=26,SOURCE_NOT_INCLUDED/C01_PREPROJECTION_SPACE.png,eab6ab64eac06c98e74230b8cc0e71a1d100b61a4224ae0f22ad14310a3cbbe8,All points outside the GT OBB are a local clue. Cluster statistics do not substitute for the complete barrel center.
figure,scene_36_39|RoadObstruction:5|0090,C01_SAME_FRAME_CONTROLS.png,reports/Evidence_Atlas.pdf#page=27,SOURCE_NOT_INCLUDED/C01_SAME_FRAME_CONTROLS.png,991d1b6f4c84cb06001a059ceb78151fc0bfeaa60ab0795480c85b9fed93215b,Other same-frame barrels are auxiliary projection controls; they add no cases and do not certify GT parameter error.
figure,scene_28_9|RoadObstruction:22|0346,C02_ZERO_GEOMETRY_REVIEW_V1.png,reports/Evidence_Atlas.pdf#page=28,SOURCE_NOT_INCLUDED/C02_ZERO_GEOMETRY_REVIEW_V1.png,3efa9f6808b30c8a2271716bd942b83b9fd211c0d6bf0e09dd857c99864b323b,Zero OBB points do not imply no neighborhood returns. GT-assisted candidate identity is unconfirmed and does not prove inference of a particular barrel.
figure,scene_28_9|RoadObstruction:18|0107,C05_FAR_ZERO_MEDIAN_REVIEW_V1.png,reports/Evidence_Atlas.pdf#page=29,SOURCE_NOT_INCLUDED/C05_FAR_ZERO_MEDIAN_REVIEW_V1.png,4c0e4af80b8a84d6d488c2737a198a8a2008be40d2e87024582f71864c2d3608,Zero OBB points do not imply no neighborhood returns. GT-assisted candidate identity is unconfirmed and does not prove inference of a particular barrel.
figure,scene_28_9|RoadObstruction:18|0107,C05_NEIGHBOR_AUDIT_V1.png,reports/Evidence_Atlas.pdf#page=30,SOURCE_NOT_INCLUDED/C05_NEIGHBOR_AUDIT_V1.png,4dad31c7792d51b3d5aa6678a8debf8f11b406b1f6da87206d192a52f7525d01,Displayed point IDs are local indices; pointwise raw indices were not saved. Candidates and neighborhood clusters are not barrel truth.
figure,scene_36_39|RoadObstruction:7|0057,C06_FAR_ZERO_GEOMETRY_REVIEW_V1.png,reports/Evidence_Atlas.pdf#page=31,SOURCE_NOT_INCLUDED/C06_FAR_ZERO_GEOMETRY_REVIEW_V1.png,482c9ed04e3f163a5490a86111c97b936cf4e61001ac6fe0b10f38df4eefe879,Zero OBB points do not imply no neighborhood returns. GT-assisted candidate identity is unconfirmed and does not prove inference of a particular barrel.
