metric_id,case_key,tier,metric,value,unit,definition,existing_result_source_sha256,existing_result_JSON_pointer,raw_BIN_sha256,raw_row_format,point_indices_pointer_or_filter,script_sha256,official_contract_code_revision,auxiliary_sensitivity_or_model_context,computed_this_task,measurement_locator,original_result_basename,historical_script_basename,historical_source_availability
M001,scene_36_27|Vehicle:3|0118,primary,N,1461,count,,2e40b7b6ef150a2aa0083f0ddeab216df43bd4dbaa1bdce28ac7fb0bfc5bd9b5,/N,ab31519e32523430983fc72a185c976976a38425131a8d93d23decdd83dc268f,little-endian float64 x 11; zero-based row; byte offset=88*row,all rows; raw_row_index,38b5104b797bf2832ddb2a78d17656137b1a3a020c9710478023ea5240af25d4,a09217e877fe6bad821f9828240c4c1b64d29da1,False,False,data/measurements.json#/metrics/0/value,F01_NEAR_MID_SURFACE_RESULT.json,inspect_surface_polygons.py,SOURCE_NOT_INCLUDED
M002,scene_36_27|Vehicle:3|0118,primary,inside_full_OBB_N,109,count,,2e40b7b6ef150a2aa0083f0ddeab216df43bd4dbaa1bdce28ac7fb0bfc5bd9b5,/inside_full_OBB_N,ab31519e32523430983fc72a185c976976a38425131a8d93d23decdd83dc268f,little-endian float64 x 11; zero-based row; byte offset=88*row,all rows; raw_row_index,38b5104b797bf2832ddb2a78d17656137b1a3a020c9710478023ea5240af25d4,a09217e877fe6bad821f9828240c4c1b64d29da1,False,False,data/measurements.json#/metrics/1/value,F01_NEAR_MID_SURFACE_RESULT.json,inspect_surface_polygons.py,SOURCE_NOT_INCLUDED
M003,scene_36_27|Vehicle:3|0118,primary,outside_selected_face_N,1351,count,,2e40b7b6ef150a2aa0083f0ddeab216df43bd4dbaa1bdce28ac7fb0bfc5bd9b5,/outside_selected_face_N,ab31519e32523430983fc72a185c976976a38425131a8d93d23decdd83dc268f,little-endian float64 x 11; zero-based row; byte offset=88*row,all rows; raw_row_index,38b5104b797bf2832ddb2a78d17656137b1a3a020c9710478023ea5240af25d4,a09217e877fe6bad821f9828240c4c1b64d29da1,False,False,data/measurements.json#/metrics/2/value,F01_NEAR_MID_SURFACE_RESULT.json,inspect_surface_polygons.py,SOURCE_NOT_INCLUDED
M004,scene_36_27|Vehicle:3|0118,primary,selected_face_clearance_min,-64.36721414460443,m,-local_x-l/2; positive beyond rear face; not center error,2e40b7b6ef150a2aa0083f0ddeab216df43bd4dbaa1bdce28ac7fb0bfc5bd9b5,/signed_selected_face_clearance_min_p05_p25_median_p75_p95_max_m/0,ab31519e32523430983fc72a185c976976a38425131a8d93d23decdd83dc268f,little-endian float64 x 11; zero-based row; byte offset=88*row,all rows; raw_row_index,38b5104b797bf2832ddb2a78d17656137b1a3a020c9710478023ea5240af25d4,a09217e877fe6bad821f9828240c4c1b64d29da1,False,False,data/measurements.json#/metrics/3/value,F01_NEAR_MID_SURFACE_RESULT.json,inspect_surface_polygons.py,SOURCE_NOT_INCLUDED
M005,scene_36_27|Vehicle:3|0118,primary,selected_face_clearance_p05,-0.12385528659148815,m,-local_x-l/2; positive beyond rear face; not center error,2e40b7b6ef150a2aa0083f0ddeab216df43bd4dbaa1bdce28ac7fb0bfc5bd9b5,/signed_selected_face_clearance_min_p05_p25_median_p75_p95_max_m/1,ab31519e32523430983fc72a185c976976a38425131a8d93d23decdd83dc268f,little-endian float64 x 11; zero-based row; byte offset=88*row,all rows; raw_row_index,38b5104b797bf2832ddb2a78d17656137b1a3a020c9710478023ea5240af25d4,a09217e877fe6bad821f9828240c4c1b64d29da1,False,False,data/measurements.json#/metrics/4/value,F01_NEAR_MID_SURFACE_RESULT.json,inspect_surface_polygons.py,SOURCE_NOT_INCLUDED
M006,scene_36_27|Vehicle:3|0118,primary,selected_face_clearance_p25,0.37081925198457055,m,-local_x-l/2; positive beyond rear face; not center error,2e40b7b6ef150a2aa0083f0ddeab216df43bd4dbaa1bdce28ac7fb0bfc5bd9b5,/signed_selected_face_clearance_min_p05_p25_median_p75_p95_max_m/2,ab31519e32523430983fc72a185c976976a38425131a8d93d23decdd83dc268f,little-endian float64 x 11; zero-based row; byte offset=88*row,all rows; raw_row_index,38b5104b797bf2832ddb2a78d17656137b1a3a020c9710478023ea5240af25d4,a09217e877fe6bad821f9828240c4c1b64d29da1,False,False,data/measurements.json#/metrics/5/value,F01_NEAR_MID_SURFACE_RESULT.json,inspect_surface_polygons.py,SOURCE_NOT_INCLUDED
M007,scene_36_27|Vehicle:3|0118,primary,selected_face_clearance_median,0.4612512073185857,m,-local_x-l/2; positive beyond rear face; not center error,2e40b7b6ef150a2aa0083f0ddeab216df43bd4dbaa1bdce28ac7fb0bfc5bd9b5,/signed_selected_face_clearance_min_p05_p25_median_p75_p95_max_m/3,ab31519e32523430983fc72a185c976976a38425131a8d93d23decdd83dc268f,little-endian float64 x 11; zero-based row; byte offset=88*row,all rows; raw_row_index,38b5104b797bf2832ddb2a78d17656137b1a3a020c9710478023ea5240af25d4,a09217e877fe6bad821f9828240c4c1b64d29da1,False,False,data/measurements.json#/metrics/6/value,F01_NEAR_MID_SURFACE_RESULT.json,inspect_surface_polygons.py,SOURCE_NOT_INCLUDED
M008,scene_36_27|Vehicle:3|0118,primary,selected_face_clearance_p75,0.5809379732074733,m,-local_x-l/2; positive beyond rear face; not center error,2e40b7b6ef150a2aa0083f0ddeab216df43bd4dbaa1bdce28ac7fb0bfc5bd9b5,/signed_selected_face_clearance_min_p05_p25_median_p75_p95_max_m/4,ab31519e32523430983fc72a185c976976a38425131a8d93d23decdd83dc268f,little-endian float64 x 11; zero-based row; byte offset=88*row,all rows; raw_row_index,38b5104b797bf2832ddb2a78d17656137b1a3a020c9710478023ea5240af25d4,a09217e877fe6bad821f9828240c4c1b64d29da1,False,False,data/measurements.json#/metrics/7/value,F01_NEAR_MID_SURFACE_RESULT.json,inspect_surface_polygons.py,SOURCE_NOT_INCLUDED
M009,scene_36_27|Vehicle:3|0118,primary,selected_face_clearance_p95,1.060583610955657,m,-local_x-l/2; positive beyond rear face; not center error,2e40b7b6ef150a2aa0083f0ddeab216df43bd4dbaa1bdce28ac7fb0bfc5bd9b5,/signed_selected_face_clearance_min_p05_p25_median_p75_p95_max_m/5,ab31519e32523430983fc72a185c976976a38425131a8d93d23decdd83dc268f,little-endian float64 x 11; zero-based row; byte offset=88*row,all rows; raw_row_index,38b5104b797bf2832ddb2a78d17656137b1a3a020c9710478023ea5240af25d4,a09217e877fe6bad821f9828240c4c1b64d29da1,False,False,data/measurements.json#/metrics/8/value,F01_NEAR_MID_SURFACE_RESULT.json,inspect_surface_polygons.py,SOURCE_NOT_INCLUDED
M010,scene_36_27|Vehicle:3|0118,primary,selected_face_clearance_max,2.8663622186014655,m,-local_x-l/2; positive beyond rear face; not center error,2e40b7b6ef150a2aa0083f0ddeab216df43bd4dbaa1bdce28ac7fb0bfc5bd9b5,/signed_selected_face_clearance_min_p05_p25_median_p75_p95_max_m/6,ab31519e32523430983fc72a185c976976a38425131a8d93d23decdd83dc268f,little-endian float64 x 11; zero-based row; byte offset=88*row,all rows; raw_row_index,38b5104b797bf2832ddb2a78d17656137b1a3a020c9710478023ea5240af25d4,a09217e877fe6bad821f9828240c4c1b64d29da1,False,False,data/measurements.json#/metrics/9/value,F01_NEAR_MID_SURFACE_RESULT.json,inspect_surface_polygons.py,SOURCE_NOT_INCLUDED
M011,scene_36_27|Vehicle:3|0118,primary,sensor_1_N,592,count,existing rows with sensor_id=1,2e40b7b6ef150a2aa0083f0ddeab216df43bd4dbaa1bdce28ac7fb0bfc5bd9b5,/per_sensor_statistics/1/N,ab31519e32523430983fc72a185c976976a38425131a8d93d23decdd83dc268f,little-endian float64 x 11; zero-based row; byte offset=88*row,all rows; raw_row_index,38b5104b797bf2832ddb2a78d17656137b1a3a020c9710478023ea5240af25d4,a09217e877fe6bad821f9828240c4c1b64d29da1,False,False,data/measurements.json#/metrics/10/value,F01_NEAR_MID_SURFACE_RESULT.json,inspect_surface_polygons.py,SOURCE_NOT_INCLUDED
M012,scene_36_27|Vehicle:3|0118,primary,sensor_1_median_clearance,0.4703056882671488,m,same existing subset; sensor_id physical head mapping UNKNOWN,2e40b7b6ef150a2aa0083f0ddeab216df43bd4dbaa1bdce28ac7fb0bfc5bd9b5,/per_sensor_statistics/1/signed_selected_face_clearance_min_p05_p25_median_p75_p95_max_m/3,ab31519e32523430983fc72a185c976976a38425131a8d93d23decdd83dc268f,little-endian float64 x 11; zero-based row; byte offset=88*row,all rows; raw_row_index,38b5104b797bf2832ddb2a78d17656137b1a3a020c9710478023ea5240af25d4,a09217e877fe6bad821f9828240c4c1b64d29da1,False,False,data/measurements.json#/metrics/11/value,F01_NEAR_MID_SURFACE_RESULT.json,inspect_surface_polygons.py,SOURCE_NOT_INCLUDED
M013,scene_36_27|Vehicle:3|0118,primary,sensor_2_N,869,count,existing rows with sensor_id=2,2e40b7b6ef150a2aa0083f0ddeab216df43bd4dbaa1bdce28ac7fb0bfc5bd9b5,/per_sensor_statistics/2/N,ab31519e32523430983fc72a185c976976a38425131a8d93d23decdd83dc268f,little-endian float64 x 11; zero-based row; byte offset=88*row,all rows; raw_row_index,38b5104b797bf2832ddb2a78d17656137b1a3a020c9710478023ea5240af25d4,a09217e877fe6bad821f9828240c4c1b64d29da1,False,False,data/measurements.json#/metrics/12/value,F01_NEAR_MID_SURFACE_RESULT.json,inspect_surface_polygons.py,SOURCE_NOT_INCLUDED
M014,scene_36_27|Vehicle:3|0118,primary,sensor_2_median_clearance,0.45896466013033743,m,same existing subset; sensor_id physical head mapping UNKNOWN,2e40b7b6ef150a2aa0083f0ddeab216df43bd4dbaa1bdce28ac7fb0bfc5bd9b5,/per_sensor_statistics/2/signed_selected_face_clearance_min_p05_p25_median_p75_p95_max_m/3,ab31519e32523430983fc72a185c976976a38425131a8d93d23decdd83dc268f,little-endian float64 x 11; zero-based row; byte offset=88*row,all rows; raw_row_index,38b5104b797bf2832ddb2a78d17656137b1a3a020c9710478023ea5240af25d4,a09217e877fe6bad821f9828240c4c1b64d29da1,False,False,data/measurements.json#/metrics/13/value,F01_NEAR_MID_SURFACE_RESULT.json,inspect_surface_polygons.py,SOURCE_NOT_INCLUDED
M015,scene_36_27|Vehicle:3|0118,primary,Aeva_minus_annotation_filename_ms,27.921223,ms,,2e40b7b6ef150a2aa0083f0ddeab216df43bd4dbaa1bdce28ac7fb0bfc5bd9b5,/Aeva_minus_annotation_filename_ms,ab31519e32523430983fc72a185c976976a38425131a8d93d23decdd83dc268f,little-endian float64 x 11; zero-based row; byte offset=88*row,N/A,38b5104b797bf2832ddb2a78d17656137b1a3a020c9710478023ea5240af25d4,a09217e877fe6bad821f9828240c4c1b64d29da1,False,False,data/measurements.json#/metrics/14/value,F01_NEAR_MID_SURFACE_RESULT.json,inspect_surface_polygons.py,SOURCE_NOT_INCLUDED
M016,scene_36_27|Vehicle:3|0118,primary,Aeva_minus_JPEG_filename_ms,27.921223,ms,,2e40b7b6ef150a2aa0083f0ddeab216df43bd4dbaa1bdce28ac7fb0bfc5bd9b5,/Aeva_minus_JPEG_filename_ms,ab31519e32523430983fc72a185c976976a38425131a8d93d23decdd83dc268f,little-endian float64 x 11; zero-based row; byte offset=88*row,N/A,38b5104b797bf2832ddb2a78d17656137b1a3a020c9710478023ea5240af25d4,a09217e877fe6bad821f9828240c4c1b64d29da1,False,False,data/measurements.json#/metrics/15/value,F01_NEAR_MID_SURFACE_RESULT.json,inspect_surface_polygons.py,SOURCE_NOT_INCLUDED
M017,scene_36_27|Vehicle:3|0118,primary,raw_point_N,466096,count,,1e01f6eaf9e6c1a5387883f04f2b54bbd67182064ea72bd0c6286ba14ac1e3b3,/raw_point_N,ab31519e32523430983fc72a185c976976a38425131a8d93d23decdd83dc268f,little-endian float64 x 11; zero-based row; byte offset=88*row,N/A,82532877789df9230397b5056c7c82191dbe6b0ed5712f68351280e23544ba87,a09217e877fe6bad821f9828240c4c1b64d29da1,False,False,data/measurements.json#/metrics/16/value,F01_NEAR_MID_NATIVE_CHAIN.json,prepare_native_geometry.py,SOURCE_NOT_INCLUDED
M018,scene_36_27|Vehicle:3|0118,primary,GT_OBB_points,136,count,,1e01f6eaf9e6c1a5387883f04f2b54bbd67182064ea72bd0c6286ba14ac1e3b3,/GT_OBB_points,ab31519e32523430983fc72a185c976976a38425131a8d93d23decdd83dc268f,little-endian float64 x 11; zero-based row; byte offset=88*row,N/A,82532877789df9230397b5056c7c82191dbe6b0ed5712f68351280e23544ba87,a09217e877fe6bad821f9828240c4c1b64d29da1,False,False,data/measurements.json#/metrics/17/value,F01_NEAR_MID_NATIVE_CHAIN.json,prepare_native_geometry.py,SOURCE_NOT_INCLUDED
M019,scene_36_27|Vehicle:3|0118,primary,Aeva_to_Velodyne_frozen_maxabs_difference,0.0,matrix max abs,,1e01f6eaf9e6c1a5387883f04f2b54bbd67182064ea72bd0c6286ba14ac1e3b3,/Aeva_to_Velodyne_frozen_maxabs_difference,ab31519e32523430983fc72a185c976976a38425131a8d93d23decdd83dc268f,little-endian float64 x 11; zero-based row; byte offset=88*row,N/A,82532877789df9230397b5056c7c82191dbe6b0ed5712f68351280e23544ba87,a09217e877fe6bad821f9828240c4c1b64d29da1,False,False,data/measurements.json#/metrics/18/value,F01_NEAR_MID_NATIVE_CHAIN.json,prepare_native_geometry.py,SOURCE_NOT_INCLUDED
M020,scene_36_27|Vehicle:3|0118,primary,camera_projection_frozen_maxabs_difference,4.547473508864641e-13,matrix max abs,,1e01f6eaf9e6c1a5387883f04f2b54bbd67182064ea72bd0c6286ba14ac1e3b3,/camera_projection_frozen_maxabs_difference,ab31519e32523430983fc72a185c976976a38425131a8d93d23decdd83dc268f,little-endian float64 x 11; zero-based row; byte offset=88*row,N/A,82532877789df9230397b5056c7c82191dbe6b0ed5712f68351280e23544ba87,a09217e877fe6bad821f9828240c4c1b64d29da1,False,False,data/measurements.json#/metrics/19/value,F01_NEAR_MID_NATIVE_CHAIN.json,prepare_native_geometry.py,SOURCE_NOT_INCLUDED
M021,scene_36_39|Vehicle:10|0070,primary,N,1600,count,,ae7cde22717773a4f6f349d41ea4d152226ec57d00b9daa23a1b545d5fcf80b4,/N,5c249b0bdc48fae84d9e8af04347303446ff757d4d0b0c20c5413e5ea93a8740,little-endian float64 x 11; zero-based row; byte offset=88*row,all rows; raw_row_index,38b5104b797bf2832ddb2a78d17656137b1a3a020c9710478023ea5240af25d4,a09217e877fe6bad821f9828240c4c1b64d29da1,False,False,data/measurements.json#/metrics/20/value,F03_NEAR_MID_SURFACE_RESULT.json,inspect_surface_polygons.py,SOURCE_NOT_INCLUDED
M022,scene_36_39|Vehicle:10|0070,primary,inside_full_OBB_N,5,count,,ae7cde22717773a4f6f349d41ea4d152226ec57d00b9daa23a1b545d5fcf80b4,/inside_full_OBB_N,5c249b0bdc48fae84d9e8af04347303446ff757d4d0b0c20c5413e5ea93a8740,little-endian float64 x 11; zero-based row; byte offset=88*row,all rows; raw_row_index,38b5104b797bf2832ddb2a78d17656137b1a3a020c9710478023ea5240af25d4,a09217e877fe6bad821f9828240c4c1b64d29da1,False,False,data/measurements.json#/metrics/21/value,F03_NEAR_MID_SURFACE_RESULT.json,inspect_surface_polygons.py,SOURCE_NOT_INCLUDED
M023,scene_36_39|Vehicle:10|0070,primary,outside_selected_face_N,1592,count,,ae7cde22717773a4f6f349d41ea4d152226ec57d00b9daa23a1b545d5fcf80b4,/outside_selected_face_N,5c249b0bdc48fae84d9e8af04347303446ff757d4d0b0c20c5413e5ea93a8740,little-endian float64 x 11; zero-based row; byte offset=88*row,all rows; raw_row_index,38b5104b797bf2832ddb2a78d17656137b1a3a020c9710478023ea5240af25d4,a09217e877fe6bad821f9828240c4c1b64d29da1,False,False,data/measurements.json#/metrics/22/value,F03_NEAR_MID_SURFACE_RESULT.json,inspect_surface_polygons.py,SOURCE_NOT_INCLUDED
M024,scene_36_39|Vehicle:10|0070,primary,selected_face_clearance_min,-11.301149078523583,m,-local_x-l/2; positive beyond rear face; not center error,ae7cde22717773a4f6f349d41ea4d152226ec57d00b9daa23a1b545d5fcf80b4,/signed_selected_face_clearance_min_p05_p25_median_p75_p95_max_m/0,5c249b0bdc48fae84d9e8af04347303446ff757d4d0b0c20c5413e5ea93a8740,little-endian float64 x 11; zero-based row; byte offset=88*row,all rows; raw_row_index,38b5104b797bf2832ddb2a78d17656137b1a3a020c9710478023ea5240af25d4,a09217e877fe6bad821f9828240c4c1b64d29da1,False,False,data/measurements.json#/metrics/23/value,F03_NEAR_MID_SURFACE_RESULT.json,inspect_surface_polygons.py,SOURCE_NOT_INCLUDED
M025,scene_36_39|Vehicle:10|0070,primary,selected_face_clearance_p05,0.2976122485236993,m,-local_x-l/2; positive beyond rear face; not center error,ae7cde22717773a4f6f349d41ea4d152226ec57d00b9daa23a1b545d5fcf80b4,/signed_selected_face_clearance_min_p05_p25_median_p75_p95_max_m/1,5c249b0bdc48fae84d9e8af04347303446ff757d4d0b0c20c5413e5ea93a8740,little-endian float64 x 11; zero-based row; byte offset=88*row,all rows; raw_row_index,38b5104b797bf2832ddb2a78d17656137b1a3a020c9710478023ea5240af25d4,a09217e877fe6bad821f9828240c4c1b64d29da1,False,False,data/measurements.json#/metrics/24/value,F03_NEAR_MID_SURFACE_RESULT.json,inspect_surface_polygons.py,SOURCE_NOT_INCLUDED
M026,scene_36_39|Vehicle:10|0070,primary,selected_face_clearance_p25,0.4138719993467843,m,-local_x-l/2; positive beyond rear face; not center error,ae7cde22717773a4f6f349d41ea4d152226ec57d00b9daa23a1b545d5fcf80b4,/signed_selected_face_clearance_min_p05_p25_median_p75_p95_max_m/2,5c249b0bdc48fae84d9e8af04347303446ff757d4d0b0c20c5413e5ea93a8740,little-endian float64 x 11; zero-based row; byte offset=88*row,all rows; raw_row_index,38b5104b797bf2832ddb2a78d17656137b1a3a020c9710478023ea5240af25d4,a09217e877fe6bad821f9828240c4c1b64d29da1,False,False,data/measurements.json#/metrics/25/value,F03_NEAR_MID_SURFACE_RESULT.json,inspect_surface_polygons.py,SOURCE_NOT_INCLUDED
M027,scene_36_39|Vehicle:10|0070,primary,selected_face_clearance_median,0.4724149279852403,m,-local_x-l/2; positive beyond rear face; not center error,ae7cde22717773a4f6f349d41ea4d152226ec57d00b9daa23a1b545d5fcf80b4,/signed_selected_face_clearance_min_p05_p25_median_p75_p95_max_m/3,5c249b0bdc48fae84d9e8af04347303446ff757d4d0b0c20c5413e5ea93a8740,little-endian float64 x 11; zero-based row; byte offset=88*row,all rows; raw_row_index,38b5104b797bf2832ddb2a78d17656137b1a3a020c9710478023ea5240af25d4,a09217e877fe6bad821f9828240c4c1b64d29da1,False,False,data/measurements.json#/metrics/26/value,F03_NEAR_MID_SURFACE_RESULT.json,inspect_surface_polygons.py,SOURCE_NOT_INCLUDED
M028,scene_36_39|Vehicle:10|0070,primary,selected_face_clearance_p75,0.5380766460002775,m,-local_x-l/2; positive beyond rear face; not center error,ae7cde22717773a4f6f349d41ea4d152226ec57d00b9daa23a1b545d5fcf80b4,/signed_selected_face_clearance_min_p05_p25_median_p75_p95_max_m/4,5c249b0bdc48fae84d9e8af04347303446ff757d4d0b0c20c5413e5ea93a8740,little-endian float64 x 11; zero-based row; byte offset=88*row,all rows; raw_row_index,38b5104b797bf2832ddb2a78d17656137b1a3a020c9710478023ea5240af25d4,a09217e877fe6bad821f9828240c4c1b64d29da1,False,False,data/measurements.json#/metrics/27/value,F03_NEAR_MID_SURFACE_RESULT.json,inspect_surface_polygons.py,SOURCE_NOT_INCLUDED
M029,scene_36_39|Vehicle:10|0070,primary,selected_face_clearance_p95,0.6729429809448098,m,-local_x-l/2; positive beyond rear face; not center error,ae7cde22717773a4f6f349d41ea4d152226ec57d00b9daa23a1b545d5fcf80b4,/signed_selected_face_clearance_min_p05_p25_median_p75_p95_max_m/5,5c249b0bdc48fae84d9e8af04347303446ff757d4d0b0c20c5413e5ea93a8740,little-endian float64 x 11; zero-based row; byte offset=88*row,all rows; raw_row_index,38b5104b797bf2832ddb2a78d17656137b1a3a020c9710478023ea5240af25d4,a09217e877fe6bad821f9828240c4c1b64d29da1,False,False,data/measurements.json#/metrics/28/value,F03_NEAR_MID_SURFACE_RESULT.json,inspect_surface_polygons.py,SOURCE_NOT_INCLUDED
M030,scene_36_39|Vehicle:10|0070,primary,selected_face_clearance_max,0.9203313860609175,m,-local_x-l/2; positive beyond rear face; not center error,ae7cde22717773a4f6f349d41ea4d152226ec57d00b9daa23a1b545d5fcf80b4,/signed_selected_face_clearance_min_p05_p25_median_p75_p95_max_m/6,5c249b0bdc48fae84d9e8af04347303446ff757d4d0b0c20c5413e5ea93a8740,little-endian float64 x 11; zero-based row; byte offset=88*row,all rows; raw_row_index,38b5104b797bf2832ddb2a78d17656137b1a3a020c9710478023ea5240af25d4,a09217e877fe6bad821f9828240c4c1b64d29da1,False,False,data/measurements.json#/metrics/29/value,F03_NEAR_MID_SURFACE_RESULT.json,inspect_surface_polygons.py,SOURCE_NOT_INCLUDED
M031,scene_36_39|Vehicle:10|0070,primary,sensor_1_N,760,count,existing rows with sensor_id=1,ae7cde22717773a4f6f349d41ea4d152226ec57d00b9daa23a1b545d5fcf80b4,/per_sensor_statistics/1/N,5c249b0bdc48fae84d9e8af04347303446ff757d4d0b0c20c5413e5ea93a8740,little-endian float64 x 11; zero-based row; byte offset=88*row,all rows; raw_row_index,38b5104b797bf2832ddb2a78d17656137b1a3a020c9710478023ea5240af25d4,a09217e877fe6bad821f9828240c4c1b64d29da1,False,False,data/measurements.json#/metrics/30/value,F03_NEAR_MID_SURFACE_RESULT.json,inspect_surface_polygons.py,SOURCE_NOT_INCLUDED
M032,scene_36_39|Vehicle:10|0070,primary,sensor_1_median_clearance,0.46900751924717454,m,same existing subset; sensor_id physical head mapping UNKNOWN,ae7cde22717773a4f6f349d41ea4d152226ec57d00b9daa23a1b545d5fcf80b4,/per_sensor_statistics/1/signed_selected_face_clearance_min_p05_p25_median_p75_p95_max_m/3,5c249b0bdc48fae84d9e8af04347303446ff757d4d0b0c20c5413e5ea93a8740,little-endian float64 x 11; zero-based row; byte offset=88*row,all rows; raw_row_index,38b5104b797bf2832ddb2a78d17656137b1a3a020c9710478023ea5240af25d4,a09217e877fe6bad821f9828240c4c1b64d29da1,False,False,data/measurements.json#/metrics/31/value,F03_NEAR_MID_SURFACE_RESULT.json,inspect_surface_polygons.py,SOURCE_NOT_INCLUDED
M033,scene_36_39|Vehicle:10|0070,primary,sensor_2_N,840,count,existing rows with sensor_id=2,ae7cde22717773a4f6f349d41ea4d152226ec57d00b9daa23a1b545d5fcf80b4,/per_sensor_statistics/2/N,5c249b0bdc48fae84d9e8af04347303446ff757d4d0b0c20c5413e5ea93a8740,little-endian float64 x 11; zero-based row; byte offset=88*row,all rows; raw_row_index,38b5104b797bf2832ddb2a78d17656137b1a3a020c9710478023ea5240af25d4,a09217e877fe6bad821f9828240c4c1b64d29da1,False,False,data/measurements.json#/metrics/32/value,F03_NEAR_MID_SURFACE_RESULT.json,inspect_surface_polygons.py,SOURCE_NOT_INCLUDED
M034,scene_36_39|Vehicle:10|0070,primary,sensor_2_median_clearance,0.4757883044510889,m,same existing subset; sensor_id physical head mapping UNKNOWN,ae7cde22717773a4f6f349d41ea4d152226ec57d00b9daa23a1b545d5fcf80b4,/per_sensor_statistics/2/signed_selected_face_clearance_min_p05_p25_median_p75_p95_max_m/3,5c249b0bdc48fae84d9e8af04347303446ff757d4d0b0c20c5413e5ea93a8740,little-endian float64 x 11; zero-based row; byte offset=88*row,all rows; raw_row_index,38b5104b797bf2832ddb2a78d17656137b1a3a020c9710478023ea5240af25d4,a09217e877fe6bad821f9828240c4c1b64d29da1,False,False,data/measurements.json#/metrics/33/value,F03_NEAR_MID_SURFACE_RESULT.json,inspect_surface_polygons.py,SOURCE_NOT_INCLUDED
M035,scene_36_39|Vehicle:10|0070,primary,Aeva_minus_annotation_filename_ms,28.011563,ms,,ae7cde22717773a4f6f349d41ea4d152226ec57d00b9daa23a1b545d5fcf80b4,/Aeva_minus_annotation_filename_ms,5c249b0bdc48fae84d9e8af04347303446ff757d4d0b0c20c5413e5ea93a8740,little-endian float64 x 11; zero-based row; byte offset=88*row,N/A,38b5104b797bf2832ddb2a78d17656137b1a3a020c9710478023ea5240af25d4,a09217e877fe6bad821f9828240c4c1b64d29da1,False,False,data/measurements.json#/metrics/34/value,F03_NEAR_MID_SURFACE_RESULT.json,inspect_surface_polygons.py,SOURCE_NOT_INCLUDED
M036,scene_36_39|Vehicle:10|0070,primary,Aeva_minus_JPEG_filename_ms,28.011563,ms,,ae7cde22717773a4f6f349d41ea4d152226ec57d00b9daa23a1b545d5fcf80b4,/Aeva_minus_JPEG_filename_ms,5c249b0bdc48fae84d9e8af04347303446ff757d4d0b0c20c5413e5ea93a8740,little-endian float64 x 11; zero-based row; byte offset=88*row,N/A,38b5104b797bf2832ddb2a78d17656137b1a3a020c9710478023ea5240af25d4,a09217e877fe6bad821f9828240c4c1b64d29da1,False,False,data/measurements.json#/metrics/35/value,F03_NEAR_MID_SURFACE_RESULT.json,inspect_surface_polygons.py,SOURCE_NOT_INCLUDED
M037,scene_36_39|Vehicle:10|0070,primary,raw_point_N,443586,count,,ce57b8a1d6c82bd80302558ad8cbb9b65842c98d818dbcf34b44e413991e05fd,/raw_point_N,5c249b0bdc48fae84d9e8af04347303446ff757d4d0b0c20c5413e5ea93a8740,little-endian float64 x 11; zero-based row; byte offset=88*row,N/A,82532877789df9230397b5056c7c82191dbe6b0ed5712f68351280e23544ba87,a09217e877fe6bad821f9828240c4c1b64d29da1,False,False,data/measurements.json#/metrics/36/value,F03_NEAR_MID_NATIVE_CHAIN.json,prepare_native_geometry.py,SOURCE_NOT_INCLUDED
M038,scene_36_39|Vehicle:10|0070,primary,GT_OBB_points,817,count,,ce57b8a1d6c82bd80302558ad8cbb9b65842c98d818dbcf34b44e413991e05fd,/GT_OBB_points,5c249b0bdc48fae84d9e8af04347303446ff757d4d0b0c20c5413e5ea93a8740,little-endian float64 x 11; zero-based row; byte offset=88*row,N/A,82532877789df9230397b5056c7c82191dbe6b0ed5712f68351280e23544ba87,a09217e877fe6bad821f9828240c4c1b64d29da1,False,False,data/measurements.json#/metrics/37/value,F03_NEAR_MID_NATIVE_CHAIN.json,prepare_native_geometry.py,SOURCE_NOT_INCLUDED
M039,scene_36_39|Vehicle:10|0070,primary,Aeva_to_Velodyne_frozen_maxabs_difference,0.0,matrix max abs,,ce57b8a1d6c82bd80302558ad8cbb9b65842c98d818dbcf34b44e413991e05fd,/Aeva_to_Velodyne_frozen_maxabs_difference,5c249b0bdc48fae84d9e8af04347303446ff757d4d0b0c20c5413e5ea93a8740,little-endian float64 x 11; zero-based row; byte offset=88*row,N/A,82532877789df9230397b5056c7c82191dbe6b0ed5712f68351280e23544ba87,a09217e877fe6bad821f9828240c4c1b64d29da1,False,False,data/measurements.json#/metrics/38/value,F03_NEAR_MID_NATIVE_CHAIN.json,prepare_native_geometry.py,SOURCE_NOT_INCLUDED
M040,scene_36_39|Vehicle:10|0070,primary,camera_projection_frozen_maxabs_difference,4.547473508864641e-13,matrix max abs,,ce57b8a1d6c82bd80302558ad8cbb9b65842c98d818dbcf34b44e413991e05fd,/camera_projection_frozen_maxabs_difference,5c249b0bdc48fae84d9e8af04347303446ff757d4d0b0c20c5413e5ea93a8740,little-endian float64 x 11; zero-based row; byte offset=88*row,N/A,82532877789df9230397b5056c7c82191dbe6b0ed5712f68351280e23544ba87,a09217e877fe6bad821f9828240c4c1b64d29da1,False,False,data/measurements.json#/metrics/39/value,F03_NEAR_MID_NATIVE_CHAIN.json,prepare_native_geometry.py,SOURCE_NOT_INCLUDED
M041,scene_36_39|Vehicle:10|0032,primary,N,282,count,,e8fc448d56216cccc3c0ffca7803e32acac6e8c2b79026ffaaf5e3de27a0b739,/N,c232531c08834cddaf1fa272a3184b2979fde896431d66b26338652f3bb48e52,little-endian float64 x 11; zero-based row; byte offset=88*row,all rows; raw_row_index,38b5104b797bf2832ddb2a78d17656137b1a3a020c9710478023ea5240af25d4,a09217e877fe6bad821f9828240c4c1b64d29da1,False,False,data/measurements.json#/metrics/40/value,F03_FAR_SURFACE_RESULT.json,inspect_surface_polygons.py,SOURCE_NOT_INCLUDED
M042,scene_36_39|Vehicle:10|0032,primary,inside_full_OBB_N,0,count,,e8fc448d56216cccc3c0ffca7803e32acac6e8c2b79026ffaaf5e3de27a0b739,/inside_full_OBB_N,c232531c08834cddaf1fa272a3184b2979fde896431d66b26338652f3bb48e52,little-endian float64 x 11; zero-based row; byte offset=88*row,all rows; raw_row_index,38b5104b797bf2832ddb2a78d17656137b1a3a020c9710478023ea5240af25d4,a09217e877fe6bad821f9828240c4c1b64d29da1,False,False,data/measurements.json#/metrics/41/value,F03_FAR_SURFACE_RESULT.json,inspect_surface_polygons.py,SOURCE_NOT_INCLUDED
M043,scene_36_39|Vehicle:10|0032,primary,outside_selected_face_N,282,count,,e8fc448d56216cccc3c0ffca7803e32acac6e8c2b79026ffaaf5e3de27a0b739,/outside_selected_face_N,c232531c08834cddaf1fa272a3184b2979fde896431d66b26338652f3bb48e52,little-endian float64 x 11; zero-based row; byte offset=88*row,all rows; raw_row_index,38b5104b797bf2832ddb2a78d17656137b1a3a020c9710478023ea5240af25d4,a09217e877fe6bad821f9828240c4c1b64d29da1,False,False,data/measurements.json#/metrics/42/value,F03_FAR_SURFACE_RESULT.json,inspect_surface_polygons.py,SOURCE_NOT_INCLUDED
M044,scene_36_39|Vehicle:10|0032,primary,selected_face_clearance_min,0.06417525768070753,m,-local_x-l/2; positive beyond rear face; not center error,e8fc448d56216cccc3c0ffca7803e32acac6e8c2b79026ffaaf5e3de27a0b739,/signed_selected_face_clearance_min_p05_p25_median_p75_p95_max_m/0,c232531c08834cddaf1fa272a3184b2979fde896431d66b26338652f3bb48e52,little-endian float64 x 11; zero-based row; byte offset=88*row,all rows; raw_row_index,38b5104b797bf2832ddb2a78d17656137b1a3a020c9710478023ea5240af25d4,a09217e877fe6bad821f9828240c4c1b64d29da1,False,False,data/measurements.json#/metrics/43/value,F03_FAR_SURFACE_RESULT.json,inspect_surface_polygons.py,SOURCE_NOT_INCLUDED
M045,scene_36_39|Vehicle:10|0032,primary,selected_face_clearance_p05,0.4771163999606819,m,-local_x-l/2; positive beyond rear face; not center error,e8fc448d56216cccc3c0ffca7803e32acac6e8c2b79026ffaaf5e3de27a0b739,/signed_selected_face_clearance_min_p05_p25_median_p75_p95_max_m/1,c232531c08834cddaf1fa272a3184b2979fde896431d66b26338652f3bb48e52,little-endian float64 x 11; zero-based row; byte offset=88*row,all rows; raw_row_index,38b5104b797bf2832ddb2a78d17656137b1a3a020c9710478023ea5240af25d4,a09217e877fe6bad821f9828240c4c1b64d29da1,False,False,data/measurements.json#/metrics/44/value,F03_FAR_SURFACE_RESULT.json,inspect_surface_polygons.py,SOURCE_NOT_INCLUDED
M046,scene_36_39|Vehicle:10|0032,primary,selected_face_clearance_p25,0.5856766509923106,m,-local_x-l/2; positive beyond rear face; not center error,e8fc448d56216cccc3c0ffca7803e32acac6e8c2b79026ffaaf5e3de27a0b739,/signed_selected_face_clearance_min_p05_p25_median_p75_p95_max_m/2,c232531c08834cddaf1fa272a3184b2979fde896431d66b26338652f3bb48e52,little-endian float64 x 11; zero-based row; byte offset=88*row,all rows; raw_row_index,38b5104b797bf2832ddb2a78d17656137b1a3a020c9710478023ea5240af25d4,a09217e877fe6bad821f9828240c4c1b64d29da1,False,False,data/measurements.json#/metrics/45/value,F03_FAR_SURFACE_RESULT.json,inspect_surface_polygons.py,SOURCE_NOT_INCLUDED
M047,scene_36_39|Vehicle:10|0032,primary,selected_face_clearance_median,0.685512158787728,m,-local_x-l/2; positive beyond rear face; not center error,e8fc448d56216cccc3c0ffca7803e32acac6e8c2b79026ffaaf5e3de27a0b739,/signed_selected_face_clearance_min_p05_p25_median_p75_p95_max_m/3,c232531c08834cddaf1fa272a3184b2979fde896431d66b26338652f3bb48e52,little-endian float64 x 11; zero-based row; byte offset=88*row,all rows; raw_row_index,38b5104b797bf2832ddb2a78d17656137b1a3a020c9710478023ea5240af25d4,a09217e877fe6bad821f9828240c4c1b64d29da1,False,False,data/measurements.json#/metrics/46/value,F03_FAR_SURFACE_RESULT.json,inspect_surface_polygons.py,SOURCE_NOT_INCLUDED
M048,scene_36_39|Vehicle:10|0032,primary,selected_face_clearance_p75,0.7911412355143783,m,-local_x-l/2; positive beyond rear face; not center error,e8fc448d56216cccc3c0ffca7803e32acac6e8c2b79026ffaaf5e3de27a0b739,/signed_selected_face_clearance_min_p05_p25_median_p75_p95_max_m/4,c232531c08834cddaf1fa272a3184b2979fde896431d66b26338652f3bb48e52,little-endian float64 x 11; zero-based row; byte offset=88*row,all rows; raw_row_index,38b5104b797bf2832ddb2a78d17656137b1a3a020c9710478023ea5240af25d4,a09217e877fe6bad821f9828240c4c1b64d29da1,False,False,data/measurements.json#/metrics/47/value,F03_FAR_SURFACE_RESULT.json,inspect_surface_polygons.py,SOURCE_NOT_INCLUDED
M049,scene_36_39|Vehicle:10|0032,primary,selected_face_clearance_p95,0.9807044468806978,m,-local_x-l/2; positive beyond rear face; not center error,e8fc448d56216cccc3c0ffca7803e32acac6e8c2b79026ffaaf5e3de27a0b739,/signed_selected_face_clearance_min_p05_p25_median_p75_p95_max_m/5,c232531c08834cddaf1fa272a3184b2979fde896431d66b26338652f3bb48e52,little-endian float64 x 11; zero-based row; byte offset=88*row,all rows; raw_row_index,38b5104b797bf2832ddb2a78d17656137b1a3a020c9710478023ea5240af25d4,a09217e877fe6bad821f9828240c4c1b64d29da1,False,False,data/measurements.json#/metrics/48/value,F03_FAR_SURFACE_RESULT.json,inspect_surface_polygons.py,SOURCE_NOT_INCLUDED
M050,scene_36_39|Vehicle:10|0032,primary,selected_face_clearance_max,1.3470705373103122,m,-local_x-l/2; positive beyond rear face; not center error,e8fc448d56216cccc3c0ffca7803e32acac6e8c2b79026ffaaf5e3de27a0b739,/signed_selected_face_clearance_min_p05_p25_median_p75_p95_max_m/6,c232531c08834cddaf1fa272a3184b2979fde896431d66b26338652f3bb48e52,little-endian float64 x 11; zero-based row; byte offset=88*row,all rows; raw_row_index,38b5104b797bf2832ddb2a78d17656137b1a3a020c9710478023ea5240af25d4,a09217e877fe6bad821f9828240c4c1b64d29da1,False,False,data/measurements.json#/metrics/49/value,F03_FAR_SURFACE_RESULT.json,inspect_surface_polygons.py,SOURCE_NOT_INCLUDED
M051,scene_36_39|Vehicle:10|0032,primary,sensor_1_N,149,count,existing rows with sensor_id=1,e8fc448d56216cccc3c0ffca7803e32acac6e8c2b79026ffaaf5e3de27a0b739,/per_sensor_statistics/1/N,c232531c08834cddaf1fa272a3184b2979fde896431d66b26338652f3bb48e52,little-endian float64 x 11; zero-based row; byte offset=88*row,all rows; raw_row_index,38b5104b797bf2832ddb2a78d17656137b1a3a020c9710478023ea5240af25d4,a09217e877fe6bad821f9828240c4c1b64d29da1,False,False,data/measurements.json#/metrics/50/value,F03_FAR_SURFACE_RESULT.json,inspect_surface_polygons.py,SOURCE_NOT_INCLUDED
M052,scene_36_39|Vehicle:10|0032,primary,sensor_1_median_clearance,0.6529197430114788,m,same existing subset; sensor_id physical head mapping UNKNOWN,e8fc448d56216cccc3c0ffca7803e32acac6e8c2b79026ffaaf5e3de27a0b739,/per_sensor_statistics/1/signed_selected_face_clearance_min_p05_p25_median_p75_p95_max_m/3,c232531c08834cddaf1fa272a3184b2979fde896431d66b26338652f3bb48e52,little-endian float64 x 11; zero-based row; byte offset=88*row,all rows; raw_row_index,38b5104b797bf2832ddb2a78d17656137b1a3a020c9710478023ea5240af25d4,a09217e877fe6bad821f9828240c4c1b64d29da1,False,False,data/measurements.json#/metrics/51/value,F03_FAR_SURFACE_RESULT.json,inspect_surface_polygons.py,SOURCE_NOT_INCLUDED
M053,scene_36_39|Vehicle:10|0032,primary,sensor_2_N,133,count,existing rows with sensor_id=2,e8fc448d56216cccc3c0ffca7803e32acac6e8c2b79026ffaaf5e3de27a0b739,/per_sensor_statistics/2/N,c232531c08834cddaf1fa272a3184b2979fde896431d66b26338652f3bb48e52,little-endian float64 x 11; zero-based row; byte offset=88*row,all rows; raw_row_index,38b5104b797bf2832ddb2a78d17656137b1a3a020c9710478023ea5240af25d4,a09217e877fe6bad821f9828240c4c1b64d29da1,False,False,data/measurements.json#/metrics/52/value,F03_FAR_SURFACE_RESULT.json,inspect_surface_polygons.py,SOURCE_NOT_INCLUDED
M054,scene_36_39|Vehicle:10|0032,primary,sensor_2_median_clearance,0.7050581104467764,m,same existing subset; sensor_id physical head mapping UNKNOWN,e8fc448d56216cccc3c0ffca7803e32acac6e8c2b79026ffaaf5e3de27a0b739,/per_sensor_statistics/2/signed_selected_face_clearance_min_p05_p25_median_p75_p95_max_m/3,c232531c08834cddaf1fa272a3184b2979fde896431d66b26338652f3bb48e52,little-endian float64 x 11; zero-based row; byte offset=88*row,all rows; raw_row_index,38b5104b797bf2832ddb2a78d17656137b1a3a020c9710478023ea5240af25d4,a09217e877fe6bad821f9828240c4c1b64d29da1,False,False,data/measurements.json#/metrics/53/value,F03_FAR_SURFACE_RESULT.json,inspect_surface_polygons.py,SOURCE_NOT_INCLUDED
M055,scene_36_39|Vehicle:10|0032,primary,Aeva_minus_annotation_filename_ms,27.988713,ms,,e8fc448d56216cccc3c0ffca7803e32acac6e8c2b79026ffaaf5e3de27a0b739,/Aeva_minus_annotation_filename_ms,c232531c08834cddaf1fa272a3184b2979fde896431d66b26338652f3bb48e52,little-endian float64 x 11; zero-based row; byte offset=88*row,N/A,38b5104b797bf2832ddb2a78d17656137b1a3a020c9710478023ea5240af25d4,a09217e877fe6bad821f9828240c4c1b64d29da1,False,False,data/measurements.json#/metrics/54/value,F03_FAR_SURFACE_RESULT.json,inspect_surface_polygons.py,SOURCE_NOT_INCLUDED
M056,scene_36_39|Vehicle:10|0032,primary,Aeva_minus_JPEG_filename_ms,27.988713,ms,,e8fc448d56216cccc3c0ffca7803e32acac6e8c2b79026ffaaf5e3de27a0b739,/Aeva_minus_JPEG_filename_ms,c232531c08834cddaf1fa272a3184b2979fde896431d66b26338652f3bb48e52,little-endian float64 x 11; zero-based row; byte offset=88*row,N/A,38b5104b797bf2832ddb2a78d17656137b1a3a020c9710478023ea5240af25d4,a09217e877fe6bad821f9828240c4c1b64d29da1,False,False,data/measurements.json#/metrics/55/value,F03_FAR_SURFACE_RESULT.json,inspect_surface_polygons.py,SOURCE_NOT_INCLUDED
M057,scene_36_39|Vehicle:10|0032,primary,raw_point_N,434538,count,,3d41177fe55a5f401f59f1fd03ea1af893675c3b7d9397cbfffee86e9cd8dbb0,/raw_point_N,c232531c08834cddaf1fa272a3184b2979fde896431d66b26338652f3bb48e52,little-endian float64 x 11; zero-based row; byte offset=88*row,N/A,82532877789df9230397b5056c7c82191dbe6b0ed5712f68351280e23544ba87,a09217e877fe6bad821f9828240c4c1b64d29da1,False,False,data/measurements.json#/metrics/56/value,F03_FAR_NATIVE_CHAIN.json,prepare_native_geometry.py,SOURCE_NOT_INCLUDED
M058,scene_36_39|Vehicle:10|0032,primary,GT_OBB_points,51,count,,3d41177fe55a5f401f59f1fd03ea1af893675c3b7d9397cbfffee86e9cd8dbb0,/GT_OBB_points,c232531c08834cddaf1fa272a3184b2979fde896431d66b26338652f3bb48e52,little-endian float64 x 11; zero-based row; byte offset=88*row,N/A,82532877789df9230397b5056c7c82191dbe6b0ed5712f68351280e23544ba87,a09217e877fe6bad821f9828240c4c1b64d29da1,False,False,data/measurements.json#/metrics/57/value,F03_FAR_NATIVE_CHAIN.json,prepare_native_geometry.py,SOURCE_NOT_INCLUDED
M059,scene_36_39|Vehicle:10|0032,primary,Aeva_to_Velodyne_frozen_maxabs_difference,0.0,matrix max abs,,3d41177fe55a5f401f59f1fd03ea1af893675c3b7d9397cbfffee86e9cd8dbb0,/Aeva_to_Velodyne_frozen_maxabs_difference,c232531c08834cddaf1fa272a3184b2979fde896431d66b26338652f3bb48e52,little-endian float64 x 11; zero-based row; byte offset=88*row,N/A,82532877789df9230397b5056c7c82191dbe6b0ed5712f68351280e23544ba87,a09217e877fe6bad821f9828240c4c1b64d29da1,False,False,data/measurements.json#/metrics/58/value,F03_FAR_NATIVE_CHAIN.json,prepare_native_geometry.py,SOURCE_NOT_INCLUDED
M060,scene_36_39|Vehicle:10|0032,primary,camera_projection_frozen_maxabs_difference,4.547473508864641e-13,matrix max abs,,3d41177fe55a5f401f59f1fd03ea1af893675c3b7d9397cbfffee86e9cd8dbb0,/camera_projection_frozen_maxabs_difference,c232531c08834cddaf1fa272a3184b2979fde896431d66b26338652f3bb48e52,little-endian float64 x 11; zero-based row; byte offset=88*row,N/A,82532877789df9230397b5056c7c82191dbe6b0ed5712f68351280e23544ba87,a09217e877fe6bad821f9828240c4c1b64d29da1,False,False,data/measurements.json#/metrics/59/value,F03_FAR_NATIVE_CHAIN.json,prepare_native_geometry.py,SOURCE_NOT_INCLUDED
M061,scene_35_31|Vehicle:97|0188,primary,independent_upright_N,589,count,,5cd8ed8259d9f343b6898a40b96e75be1275ec94d67e0c9ee02aa68a9a7b38fe,/independent_visible_panel_pixel_subset/upright/N,f813d26939a41c091247f199569a9dad30302408160c56d8d2bf163a1b59d9fa,little-endian float64 x 11; zero-based row; byte offset=88*row,pixel_panel_589==1; raw_row_index,3db3ebb8e8d8b7dd97479b27b28dd12aa2f5e0db17b29994d844a8a2f2780457,a09217e877fe6bad821f9828240c4c1b64d29da1,False,False,data/measurements.json#/metrics/60/value,NATIVE_SCHEMA_AND_CHAIN_AUDIT.json,recompute_native_box.py,SOURCE_NOT_INCLUDED
M062,scene_35_31|Vehicle:97|0188,primary,independent_upright_inside_N,24,count,,5cd8ed8259d9f343b6898a40b96e75be1275ec94d67e0c9ee02aa68a9a7b38fe,/independent_visible_panel_pixel_subset/upright/inside_N,f813d26939a41c091247f199569a9dad30302408160c56d8d2bf163a1b59d9fa,little-endian float64 x 11; zero-based row; byte offset=88*row,pixel_panel_589==1; raw_row_index,3db3ebb8e8d8b7dd97479b27b28dd12aa2f5e0db17b29994d844a8a2f2780457,a09217e877fe6bad821f9828240c4c1b64d29da1,False,False,data/measurements.json#/metrics/61/value,NATIVE_SCHEMA_AND_CHAIN_AUDIT.json,recompute_native_box.py,SOURCE_NOT_INCLUDED
M063,scene_35_31|Vehicle:97|0188,primary,independent_upright_outside_positive_lateral_face_N,565,count,,5cd8ed8259d9f343b6898a40b96e75be1275ec94d67e0c9ee02aa68a9a7b38fe,/independent_visible_panel_pixel_subset/upright/outside_positive_lateral_face_N,f813d26939a41c091247f199569a9dad30302408160c56d8d2bf163a1b59d9fa,little-endian float64 x 11; zero-based row; byte offset=88*row,pixel_panel_589==1; raw_row_index,3db3ebb8e8d8b7dd97479b27b28dd12aa2f5e0db17b29994d844a8a2f2780457,a09217e877fe6bad821f9828240c4c1b64d29da1,False,False,data/measurements.json#/metrics/62/value,NATIVE_SCHEMA_AND_CHAIN_AUDIT.json,recompute_native_box.py,SOURCE_NOT_INCLUDED
M064,scene_35_31|Vehicle:97|0188,primary,independent_upright_clearance_min,-1.7833930763758068,m,local_y-w/2; positive beyond +Y face; not center error,5cd8ed8259d9f343b6898a40b96e75be1275ec94d67e0c9ee02aa68a9a7b38fe,/independent_visible_panel_pixel_subset/upright/signed_lateral_clearance_quantiles_m/0,f813d26939a41c091247f199569a9dad30302408160c56d8d2bf163a1b59d9fa,little-endian float64 x 11; zero-based row; byte offset=88*row,pixel_panel_589==1; raw_row_index,3db3ebb8e8d8b7dd97479b27b28dd12aa2f5e0db17b29994d844a8a2f2780457,a09217e877fe6bad821f9828240c4c1b64d29da1,False,False,data/measurements.json#/metrics/63/value,NATIVE_SCHEMA_AND_CHAIN_AUDIT.json,recompute_native_box.py,SOURCE_NOT_INCLUDED
M065,scene_35_31|Vehicle:97|0188,primary,independent_upright_clearance_p05,0.06528211634028663,m,local_y-w/2; positive beyond +Y face; not center error,5cd8ed8259d9f343b6898a40b96e75be1275ec94d67e0c9ee02aa68a9a7b38fe,/independent_visible_panel_pixel_subset/upright/signed_lateral_clearance_quantiles_m/1,f813d26939a41c091247f199569a9dad30302408160c56d8d2bf163a1b59d9fa,little-endian float64 x 11; zero-based row; byte offset=88*row,pixel_panel_589==1; raw_row_index,3db3ebb8e8d8b7dd97479b27b28dd12aa2f5e0db17b29994d844a8a2f2780457,a09217e877fe6bad821f9828240c4c1b64d29da1,False,False,data/measurements.json#/metrics/64/value,NATIVE_SCHEMA_AND_CHAIN_AUDIT.json,recompute_native_box.py,SOURCE_NOT_INCLUDED
M066,scene_35_31|Vehicle:97|0188,primary,independent_upright_clearance_p25,0.35375621833332116,m,local_y-w/2; positive beyond +Y face; not center error,5cd8ed8259d9f343b6898a40b96e75be1275ec94d67e0c9ee02aa68a9a7b38fe,/independent_visible_panel_pixel_subset/upright/signed_lateral_clearance_quantiles_m/2,f813d26939a41c091247f199569a9dad30302408160c56d8d2bf163a1b59d9fa,little-endian float64 x 11; zero-based row; byte offset=88*row,pixel_panel_589==1; raw_row_index,3db3ebb8e8d8b7dd97479b27b28dd12aa2f5e0db17b29994d844a8a2f2780457,a09217e877fe6bad821f9828240c4c1b64d29da1,False,False,data/measurements.json#/metrics/65/value,NATIVE_SCHEMA_AND_CHAIN_AUDIT.json,recompute_native_box.py,SOURCE_NOT_INCLUDED
M067,scene_35_31|Vehicle:97|0188,primary,independent_upright_clearance_median,0.4435033896081837,m,local_y-w/2; positive beyond +Y face; not center error,5cd8ed8259d9f343b6898a40b96e75be1275ec94d67e0c9ee02aa68a9a7b38fe,/independent_visible_panel_pixel_subset/upright/signed_lateral_clearance_quantiles_m/3,f813d26939a41c091247f199569a9dad30302408160c56d8d2bf163a1b59d9fa,little-endian float64 x 11; zero-based row; byte offset=88*row,pixel_panel_589==1; raw_row_index,3db3ebb8e8d8b7dd97479b27b28dd12aa2f5e0db17b29994d844a8a2f2780457,a09217e877fe6bad821f9828240c4c1b64d29da1,False,False,data/measurements.json#/metrics/66/value,NATIVE_SCHEMA_AND_CHAIN_AUDIT.json,recompute_native_box.py,SOURCE_NOT_INCLUDED
M068,scene_35_31|Vehicle:97|0188,primary,independent_upright_clearance_p75,0.5198550144594047,m,local_y-w/2; positive beyond +Y face; not center error,5cd8ed8259d9f343b6898a40b96e75be1275ec94d67e0c9ee02aa68a9a7b38fe,/independent_visible_panel_pixel_subset/upright/signed_lateral_clearance_quantiles_m/4,f813d26939a41c091247f199569a9dad30302408160c56d8d2bf163a1b59d9fa,little-endian float64 x 11; zero-based row; byte offset=88*row,pixel_panel_589==1; raw_row_index,3db3ebb8e8d8b7dd97479b27b28dd12aa2f5e0db17b29994d844a8a2f2780457,a09217e877fe6bad821f9828240c4c1b64d29da1,False,False,data/measurements.json#/metrics/67/value,NATIVE_SCHEMA_AND_CHAIN_AUDIT.json,recompute_native_box.py,SOURCE_NOT_INCLUDED
M069,scene_35_31|Vehicle:97|0188,primary,independent_upright_clearance_p95,0.6138563873073881,m,local_y-w/2; positive beyond +Y face; not center error,5cd8ed8259d9f343b6898a40b96e75be1275ec94d67e0c9ee02aa68a9a7b38fe,/independent_visible_panel_pixel_subset/upright/signed_lateral_clearance_quantiles_m/5,f813d26939a41c091247f199569a9dad30302408160c56d8d2bf163a1b59d9fa,little-endian float64 x 11; zero-based row; byte offset=88*row,pixel_panel_589==1; raw_row_index,3db3ebb8e8d8b7dd97479b27b28dd12aa2f5e0db17b29994d844a8a2f2780457,a09217e877fe6bad821f9828240c4c1b64d29da1,False,False,data/measurements.json#/metrics/68/value,NATIVE_SCHEMA_AND_CHAIN_AUDIT.json,recompute_native_box.py,SOURCE_NOT_INCLUDED
M070,scene_35_31|Vehicle:97|0188,primary,independent_upright_clearance_max,0.7104105727756376,m,local_y-w/2; positive beyond +Y face; not center error,5cd8ed8259d9f343b6898a40b96e75be1275ec94d67e0c9ee02aa68a9a7b38fe,/independent_visible_panel_pixel_subset/upright/signed_lateral_clearance_quantiles_m/6,f813d26939a41c091247f199569a9dad30302408160c56d8d2bf163a1b59d9fa,little-endian float64 x 11; zero-based row; byte offset=88*row,pixel_panel_589==1; raw_row_index,3db3ebb8e8d8b7dd97479b27b28dd12aa2f5e0db17b29994d844a8a2f2780457,a09217e877fe6bad821f9828240c4c1b64d29da1,False,False,data/measurements.json#/metrics/69/value,NATIVE_SCHEMA_AND_CHAIN_AUDIT.json,recompute_native_box.py,SOURCE_NOT_INCLUDED
M071,scene_35_31|Vehicle:97|0188,primary,independent_RPY_pose_sensitivity_N,589,count,,5cd8ed8259d9f343b6898a40b96e75be1275ec94d67e0c9ee02aa68a9a7b38fe,/independent_visible_panel_pixel_subset/RPY_pose_sensitivity/N,f813d26939a41c091247f199569a9dad30302408160c56d8d2bf163a1b59d9fa,little-endian float64 x 11; zero-based row; byte offset=88*row,pixel_panel_589==1; raw_row_index,3db3ebb8e8d8b7dd97479b27b28dd12aa2f5e0db17b29994d844a8a2f2780457,a09217e877fe6bad821f9828240c4c1b64d29da1,True,False,data/measurements.json#/metrics/70/value,NATIVE_SCHEMA_AND_CHAIN_AUDIT.json,recompute_native_box.py,SOURCE_NOT_INCLUDED
M072,scene_35_31|Vehicle:97|0188,primary,independent_RPY_pose_sensitivity_inside_N,23,count,,5cd8ed8259d9f343b6898a40b96e75be1275ec94d67e0c9ee02aa68a9a7b38fe,/independent_visible_panel_pixel_subset/RPY_pose_sensitivity/inside_N,f813d26939a41c091247f199569a9dad30302408160c56d8d2bf163a1b59d9fa,little-endian float64 x 11; zero-based row; byte offset=88*row,pixel_panel_589==1; raw_row_index,3db3ebb8e8d8b7dd97479b27b28dd12aa2f5e0db17b29994d844a8a2f2780457,a09217e877fe6bad821f9828240c4c1b64d29da1,True,False,data/measurements.json#/metrics/71/value,NATIVE_SCHEMA_AND_CHAIN_AUDIT.json,recompute_native_box.py,SOURCE_NOT_INCLUDED
M073,scene_35_31|Vehicle:97|0188,primary,independent_RPY_pose_sensitivity_outside_positive_lateral_face_N,566,count,,5cd8ed8259d9f343b6898a40b96e75be1275ec94d67e0c9ee02aa68a9a7b38fe,/independent_visible_panel_pixel_subset/RPY_pose_sensitivity/outside_positive_lateral_face_N,f813d26939a41c091247f199569a9dad30302408160c56d8d2bf163a1b59d9fa,little-endian float64 x 11; zero-based row; byte offset=88*row,pixel_panel_589==1; raw_row_index,3db3ebb8e8d8b7dd97479b27b28dd12aa2f5e0db17b29994d844a8a2f2780457,a09217e877fe6bad821f9828240c4c1b64d29da1,True,False,data/measurements.json#/metrics/72/value,NATIVE_SCHEMA_AND_CHAIN_AUDIT.json,recompute_native_box.py,SOURCE_NOT_INCLUDED
M074,scene_35_31|Vehicle:97|0188,primary,independent_RPY_pose_sensitivity_clearance_min,-1.7253065242171037,m,local_y-w/2; positive beyond +Y face; not center error,5cd8ed8259d9f343b6898a40b96e75be1275ec94d67e0c9ee02aa68a9a7b38fe,/independent_visible_panel_pixel_subset/RPY_pose_sensitivity/signed_lateral_clearance_quantiles_m/0,f813d26939a41c091247f199569a9dad30302408160c56d8d2bf163a1b59d9fa,little-endian float64 x 11; zero-based row; byte offset=88*row,pixel_panel_589==1; raw_row_index,3db3ebb8e8d8b7dd97479b27b28dd12aa2f5e0db17b29994d844a8a2f2780457,a09217e877fe6bad821f9828240c4c1b64d29da1,True,False,data/measurements.json#/metrics/73/value,NATIVE_SCHEMA_AND_CHAIN_AUDIT.json,recompute_native_box.py,SOURCE_NOT_INCLUDED
M075,scene_35_31|Vehicle:97|0188,primary,independent_RPY_pose_sensitivity_clearance_p05,0.09759179860092448,m,local_y-w/2; positive beyond +Y face; not center error,5cd8ed8259d9f343b6898a40b96e75be1275ec94d67e0c9ee02aa68a9a7b38fe,/independent_visible_panel_pixel_subset/RPY_pose_sensitivity/signed_lateral_clearance_quantiles_m/1,f813d26939a41c091247f199569a9dad30302408160c56d8d2bf163a1b59d9fa,little-endian float64 x 11; zero-based row; byte offset=88*row,pixel_panel_589==1; raw_row_index,3db3ebb8e8d8b7dd97479b27b28dd12aa2f5e0db17b29994d844a8a2f2780457,a09217e877fe6bad821f9828240c4c1b64d29da1,True,False,data/measurements.json#/metrics/74/value,NATIVE_SCHEMA_AND_CHAIN_AUDIT.json,recompute_native_box.py,SOURCE_NOT_INCLUDED
M076,scene_35_31|Vehicle:97|0188,primary,independent_RPY_pose_sensitivity_clearance_p25,0.389228848267263,m,local_y-w/2; positive beyond +Y face; not center error,5cd8ed8259d9f343b6898a40b96e75be1275ec94d67e0c9ee02aa68a9a7b38fe,/independent_visible_panel_pixel_subset/RPY_pose_sensitivity/signed_lateral_clearance_quantiles_m/2,f813d26939a41c091247f199569a9dad30302408160c56d8d2bf163a1b59d9fa,little-endian float64 x 11; zero-based row; byte offset=88*row,pixel_panel_589==1; raw_row_index,3db3ebb8e8d8b7dd97479b27b28dd12aa2f5e0db17b29994d844a8a2f2780457,a09217e877fe6bad821f9828240c4c1b64d29da1,True,False,data/measurements.json#/metrics/75/value,NATIVE_SCHEMA_AND_CHAIN_AUDIT.json,recompute_native_box.py,SOURCE_NOT_INCLUDED
M077,scene_35_31|Vehicle:97|0188,primary,independent_RPY_pose_sensitivity_clearance_median,0.47751563664554464,m,local_y-w/2; positive beyond +Y face; not center error,5cd8ed8259d9f343b6898a40b96e75be1275ec94d67e0c9ee02aa68a9a7b38fe,/independent_visible_panel_pixel_subset/RPY_pose_sensitivity/signed_lateral_clearance_quantiles_m/3,f813d26939a41c091247f199569a9dad30302408160c56d8d2bf163a1b59d9fa,little-endian float64 x 11; zero-based row; byte offset=88*row,pixel_panel_589==1; raw_row_index,3db3ebb8e8d8b7dd97479b27b28dd12aa2f5e0db17b29994d844a8a2f2780457,a09217e877fe6bad821f9828240c4c1b64d29da1,True,False,data/measurements.json#/metrics/76/value,NATIVE_SCHEMA_AND_CHAIN_AUDIT.json,recompute_native_box.py,SOURCE_NOT_INCLUDED
M078,scene_35_31|Vehicle:97|0188,primary,independent_RPY_pose_sensitivity_clearance_p75,0.5560590358250996,m,local_y-w/2; positive beyond +Y face; not center error,5cd8ed8259d9f343b6898a40b96e75be1275ec94d67e0c9ee02aa68a9a7b38fe,/independent_visible_panel_pixel_subset/RPY_pose_sensitivity/signed_lateral_clearance_quantiles_m/4,f813d26939a41c091247f199569a9dad30302408160c56d8d2bf163a1b59d9fa,little-endian float64 x 11; zero-based row; byte offset=88*row,pixel_panel_589==1; raw_row_index,3db3ebb8e8d8b7dd97479b27b28dd12aa2f5e0db17b29994d844a8a2f2780457,a09217e877fe6bad821f9828240c4c1b64d29da1,True,False,data/measurements.json#/metrics/77/value,NATIVE_SCHEMA_AND_CHAIN_AUDIT.json,recompute_native_box.py,SOURCE_NOT_INCLUDED
M079,scene_35_31|Vehicle:97|0188,primary,independent_RPY_pose_sensitivity_clearance_p95,0.6593270513075994,m,local_y-w/2; positive beyond +Y face; not center error,5cd8ed8259d9f343b6898a40b96e75be1275ec94d67e0c9ee02aa68a9a7b38fe,/independent_visible_panel_pixel_subset/RPY_pose_sensitivity/signed_lateral_clearance_quantiles_m/5,f813d26939a41c091247f199569a9dad30302408160c56d8d2bf163a1b59d9fa,little-endian float64 x 11; zero-based row; byte offset=88*row,pixel_panel_589==1; raw_row_index,3db3ebb8e8d8b7dd97479b27b28dd12aa2f5e0db17b29994d844a8a2f2780457,a09217e877fe6bad821f9828240c4c1b64d29da1,True,False,data/measurements.json#/metrics/78/value,NATIVE_SCHEMA_AND_CHAIN_AUDIT.json,recompute_native_box.py,SOURCE_NOT_INCLUDED
M080,scene_35_31|Vehicle:97|0188,primary,independent_RPY_pose_sensitivity_clearance_max,0.7940191836526567,m,local_y-w/2; positive beyond +Y face; not center error,5cd8ed8259d9f343b6898a40b96e75be1275ec94d67e0c9ee02aa68a9a7b38fe,/independent_visible_panel_pixel_subset/RPY_pose_sensitivity/signed_lateral_clearance_quantiles_m/6,f813d26939a41c091247f199569a9dad30302408160c56d8d2bf163a1b59d9fa,little-endian float64 x 11; zero-based row; byte offset=88*row,pixel_panel_589==1; raw_row_index,3db3ebb8e8d8b7dd97479b27b28dd12aa2f5e0db17b29994d844a8a2f2780457,a09217e877fe6bad821f9828240c4c1b64d29da1,True,False,data/measurements.json#/metrics/79/value,NATIVE_SCHEMA_AND_CHAIN_AUDIT.json,recompute_native_box.py,SOURCE_NOT_INCLUDED
M081,scene_35_31|Vehicle:97|0188,primary,legacy_GT_dependent_upright_N,794,count,,5cd8ed8259d9f343b6898a40b96e75be1275ec94d67e0c9ee02aa68a9a7b38fe,/previous_GT_dependent_794_subset/upright/N,f813d26939a41c091247f199569a9dad30302408160c56d8d2bf163a1b59d9fa,little-endian float64 x 11; zero-based row; byte offset=88*row,prior_GT_dependent_794==1; raw_row_index,3db3ebb8e8d8b7dd97479b27b28dd12aa2f5e0db17b29994d844a8a2f2780457,a09217e877fe6bad821f9828240c4c1b64d29da1,False,False,data/measurements.json#/metrics/80/value,NATIVE_SCHEMA_AND_CHAIN_AUDIT.json,recompute_native_box.py,SOURCE_NOT_INCLUDED
M082,scene_35_31|Vehicle:97|0188,primary,legacy_GT_dependent_upright_inside_N,28,count,,5cd8ed8259d9f343b6898a40b96e75be1275ec94d67e0c9ee02aa68a9a7b38fe,/previous_GT_dependent_794_subset/upright/inside_N,f813d26939a41c091247f199569a9dad30302408160c56d8d2bf163a1b59d9fa,little-endian float64 x 11; zero-based row; byte offset=88*row,prior_GT_dependent_794==1; raw_row_index,3db3ebb8e8d8b7dd97479b27b28dd12aa2f5e0db17b29994d844a8a2f2780457,a09217e877fe6bad821f9828240c4c1b64d29da1,False,False,data/measurements.json#/metrics/81/value,NATIVE_SCHEMA_AND_CHAIN_AUDIT.json,recompute_native_box.py,SOURCE_NOT_INCLUDED
M083,scene_35_31|Vehicle:97|0188,primary,legacy_GT_dependent_upright_outside_positive_lateral_face_N,766,count,,5cd8ed8259d9f343b6898a40b96e75be1275ec94d67e0c9ee02aa68a9a7b38fe,/previous_GT_dependent_794_subset/upright/outside_positive_lateral_face_N,f813d26939a41c091247f199569a9dad30302408160c56d8d2bf163a1b59d9fa,little-endian float64 x 11; zero-based row; byte offset=88*row,prior_GT_dependent_794==1; raw_row_index,3db3ebb8e8d8b7dd97479b27b28dd12aa2f5e0db17b29994d844a8a2f2780457,a09217e877fe6bad821f9828240c4c1b64d29da1,False,False,data/measurements.json#/metrics/82/value,NATIVE_SCHEMA_AND_CHAIN_AUDIT.json,recompute_native_box.py,SOURCE_NOT_INCLUDED
M084,scene_35_31|Vehicle:97|0188,primary,legacy_GT_dependent_upright_clearance_min,-0.38566386193632995,m,local_y-w/2; positive beyond +Y face; not center error,5cd8ed8259d9f343b6898a40b96e75be1275ec94d67e0c9ee02aa68a9a7b38fe,/previous_GT_dependent_794_subset/upright/signed_lateral_clearance_quantiles_m/0,f813d26939a41c091247f199569a9dad30302408160c56d8d2bf163a1b59d9fa,little-endian float64 x 11; zero-based row; byte offset=88*row,prior_GT_dependent_794==1; raw_row_index,3db3ebb8e8d8b7dd97479b27b28dd12aa2f5e0db17b29994d844a8a2f2780457,a09217e877fe6bad821f9828240c4c1b64d29da1,False,False,data/measurements.json#/metrics/83/value,NATIVE_SCHEMA_AND_CHAIN_AUDIT.json,recompute_native_box.py,SOURCE_NOT_INCLUDED
M085,scene_35_31|Vehicle:97|0188,primary,legacy_GT_dependent_upright_clearance_p05,0.16269834126682842,m,local_y-w/2; positive beyond +Y face; not center error,5cd8ed8259d9f343b6898a40b96e75be1275ec94d67e0c9ee02aa68a9a7b38fe,/previous_GT_dependent_794_subset/upright/signed_lateral_clearance_quantiles_m/1,f813d26939a41c091247f199569a9dad30302408160c56d8d2bf163a1b59d9fa,little-endian float64 x 11; zero-based row; byte offset=88*row,prior_GT_dependent_794==1; raw_row_index,3db3ebb8e8d8b7dd97479b27b28dd12aa2f5e0db17b29994d844a8a2f2780457,a09217e877fe6bad821f9828240c4c1b64d29da1,False,False,data/measurements.json#/metrics/84/value,NATIVE_SCHEMA_AND_CHAIN_AUDIT.json,recompute_native_box.py,SOURCE_NOT_INCLUDED
M086,scene_35_31|Vehicle:97|0188,primary,legacy_GT_dependent_upright_clearance_p25,0.34976578193452246,m,local_y-w/2; positive beyond +Y face; not center error,5cd8ed8259d9f343b6898a40b96e75be1275ec94d67e0c9ee02aa68a9a7b38fe,/previous_GT_dependent_794_subset/upright/signed_lateral_clearance_quantiles_m/2,f813d26939a41c091247f199569a9dad30302408160c56d8d2bf163a1b59d9fa,little-endian float64 x 11; zero-based row; byte offset=88*row,prior_GT_dependent_794==1; raw_row_index,3db3ebb8e8d8b7dd97479b27b28dd12aa2f5e0db17b29994d844a8a2f2780457,a09217e877fe6bad821f9828240c4c1b64d29da1,False,False,data/measurements.json#/metrics/85/value,NATIVE_SCHEMA_AND_CHAIN_AUDIT.json,recompute_native_box.py,SOURCE_NOT_INCLUDED
M087,scene_35_31|Vehicle:97|0188,primary,legacy_GT_dependent_upright_clearance_median,0.43616743287779036,m,local_y-w/2; positive beyond +Y face; not center error,5cd8ed8259d9f343b6898a40b96e75be1275ec94d67e0c9ee02aa68a9a7b38fe,/previous_GT_dependent_794_subset/upright/signed_lateral_clearance_quantiles_m/3,f813d26939a41c091247f199569a9dad30302408160c56d8d2bf163a1b59d9fa,little-endian float64 x 11; zero-based row; byte offset=88*row,prior_GT_dependent_794==1; raw_row_index,3db3ebb8e8d8b7dd97479b27b28dd12aa2f5e0db17b29994d844a8a2f2780457,a09217e877fe6bad821f9828240c4c1b64d29da1,False,False,data/measurements.json#/metrics/86/value,NATIVE_SCHEMA_AND_CHAIN_AUDIT.json,recompute_native_box.py,SOURCE_NOT_INCLUDED
M088,scene_35_31|Vehicle:97|0188,primary,legacy_GT_dependent_upright_clearance_p75,0.5139738328933616,m,local_y-w/2; positive beyond +Y face; not center error,5cd8ed8259d9f343b6898a40b96e75be1275ec94d67e0c9ee02aa68a9a7b38fe,/previous_GT_dependent_794_subset/upright/signed_lateral_clearance_quantiles_m/4,f813d26939a41c091247f199569a9dad30302408160c56d8d2bf163a1b59d9fa,little-endian float64 x 11; zero-based row; byte offset=88*row,prior_GT_dependent_794==1; raw_row_index,3db3ebb8e8d8b7dd97479b27b28dd12aa2f5e0db17b29994d844a8a2f2780457,a09217e877fe6bad821f9828240c4c1b64d29da1,False,False,data/measurements.json#/metrics/87/value,NATIVE_SCHEMA_AND_CHAIN_AUDIT.json,recompute_native_box.py,SOURCE_NOT_INCLUDED
M089,scene_35_31|Vehicle:97|0188,primary,legacy_GT_dependent_upright_clearance_p95,0.6100890630012413,m,local_y-w/2; positive beyond +Y face; not center error,5cd8ed8259d9f343b6898a40b96e75be1275ec94d67e0c9ee02aa68a9a7b38fe,/previous_GT_dependent_794_subset/upright/signed_lateral_clearance_quantiles_m/5,f813d26939a41c091247f199569a9dad30302408160c56d8d2bf163a1b59d9fa,little-endian float64 x 11; zero-based row; byte offset=88*row,prior_GT_dependent_794==1; raw_row_index,3db3ebb8e8d8b7dd97479b27b28dd12aa2f5e0db17b29994d844a8a2f2780457,a09217e877fe6bad821f9828240c4c1b64d29da1,False,False,data/measurements.json#/metrics/88/value,NATIVE_SCHEMA_AND_CHAIN_AUDIT.json,recompute_native_box.py,SOURCE_NOT_INCLUDED
M090,scene_35_31|Vehicle:97|0188,primary,legacy_GT_dependent_upright_clearance_max,0.7104105727756376,m,local_y-w/2; positive beyond +Y face; not center error,5cd8ed8259d9f343b6898a40b96e75be1275ec94d67e0c9ee02aa68a9a7b38fe,/previous_GT_dependent_794_subset/upright/signed_lateral_clearance_quantiles_m/6,f813d26939a41c091247f199569a9dad30302408160c56d8d2bf163a1b59d9fa,little-endian float64 x 11; zero-based row; byte offset=88*row,prior_GT_dependent_794==1; raw_row_index,3db3ebb8e8d8b7dd97479b27b28dd12aa2f5e0db17b29994d844a8a2f2780457,a09217e877fe6bad821f9828240c4c1b64d29da1,False,False,data/measurements.json#/metrics/89/value,NATIVE_SCHEMA_AND_CHAIN_AUDIT.json,recompute_native_box.py,SOURCE_NOT_INCLUDED
M091,scene_35_31|Vehicle:97|0188,primary,legacy_GT_dependent_RPY_pose_sensitivity_N,794,count,,5cd8ed8259d9f343b6898a40b96e75be1275ec94d67e0c9ee02aa68a9a7b38fe,/previous_GT_dependent_794_subset/RPY_pose_sensitivity/N,f813d26939a41c091247f199569a9dad30302408160c56d8d2bf163a1b59d9fa,little-endian float64 x 11; zero-based row; byte offset=88*row,prior_GT_dependent_794==1; raw_row_index,3db3ebb8e8d8b7dd97479b27b28dd12aa2f5e0db17b29994d844a8a2f2780457,a09217e877fe6bad821f9828240c4c1b64d29da1,True,False,data/measurements.json#/metrics/90/value,NATIVE_SCHEMA_AND_CHAIN_AUDIT.json,recompute_native_box.py,SOURCE_NOT_INCLUDED
M092,scene_35_31|Vehicle:97|0188,primary,legacy_GT_dependent_RPY_pose_sensitivity_inside_N,27,count,,5cd8ed8259d9f343b6898a40b96e75be1275ec94d67e0c9ee02aa68a9a7b38fe,/previous_GT_dependent_794_subset/RPY_pose_sensitivity/inside_N,f813d26939a41c091247f199569a9dad30302408160c56d8d2bf163a1b59d9fa,little-endian float64 x 11; zero-based row; byte offset=88*row,prior_GT_dependent_794==1; raw_row_index,3db3ebb8e8d8b7dd97479b27b28dd12aa2f5e0db17b29994d844a8a2f2780457,a09217e877fe6bad821f9828240c4c1b64d29da1,True,False,data/measurements.json#/metrics/91/value,NATIVE_SCHEMA_AND_CHAIN_AUDIT.json,recompute_native_box.py,SOURCE_NOT_INCLUDED
M093,scene_35_31|Vehicle:97|0188,primary,legacy_GT_dependent_RPY_pose_sensitivity_outside_positive_lateral_face_N,767,count,,5cd8ed8259d9f343b6898a40b96e75be1275ec94d67e0c9ee02aa68a9a7b38fe,/previous_GT_dependent_794_subset/RPY_pose_sensitivity/outside_positive_lateral_face_N,f813d26939a41c091247f199569a9dad30302408160c56d8d2bf163a1b59d9fa,little-endian float64 x 11; zero-based row; byte offset=88*row,prior_GT_dependent_794==1; raw_row_index,3db3ebb8e8d8b7dd97479b27b28dd12aa2f5e0db17b29994d844a8a2f2780457,a09217e877fe6bad821f9828240c4c1b64d29da1,True,False,data/measurements.json#/metrics/92/value,NATIVE_SCHEMA_AND_CHAIN_AUDIT.json,recompute_native_box.py,SOURCE_NOT_INCLUDED
M094,scene_35_31|Vehicle:97|0188,primary,legacy_GT_dependent_RPY_pose_sensitivity_clearance_min,-0.4044898243980197,m,local_y-w/2; positive beyond +Y face; not center error,5cd8ed8259d9f343b6898a40b96e75be1275ec94d67e0c9ee02aa68a9a7b38fe,/previous_GT_dependent_794_subset/RPY_pose_sensitivity/signed_lateral_clearance_quantiles_m/0,f813d26939a41c091247f199569a9dad30302408160c56d8d2bf163a1b59d9fa,little-endian float64 x 11; zero-based row; byte offset=88*row,prior_GT_dependent_794==1; raw_row_index,3db3ebb8e8d8b7dd97479b27b28dd12aa2f5e0db17b29994d844a8a2f2780457,a09217e877fe6bad821f9828240c4c1b64d29da1,True,False,data/measurements.json#/metrics/93/value,NATIVE_SCHEMA_AND_CHAIN_AUDIT.json,recompute_native_box.py,SOURCE_NOT_INCLUDED
M095,scene_35_31|Vehicle:97|0188,primary,legacy_GT_dependent_RPY_pose_sensitivity_clearance_p05,0.11069922744945873,m,local_y-w/2; positive beyond +Y face; not center error,5cd8ed8259d9f343b6898a40b96e75be1275ec94d67e0c9ee02aa68a9a7b38fe,/previous_GT_dependent_794_subset/RPY_pose_sensitivity/signed_lateral_clearance_quantiles_m/1,f813d26939a41c091247f199569a9dad30302408160c56d8d2bf163a1b59d9fa,little-endian float64 x 11; zero-based row; byte offset=88*row,prior_GT_dependent_794==1; raw_row_index,3db3ebb8e8d8b7dd97479b27b28dd12aa2f5e0db17b29994d844a8a2f2780457,a09217e877fe6bad821f9828240c4c1b64d29da1,True,False,data/measurements.json#/metrics/94/value,NATIVE_SCHEMA_AND_CHAIN_AUDIT.json,recompute_native_box.py,SOURCE_NOT_INCLUDED
M096,scene_35_31|Vehicle:97|0188,primary,legacy_GT_dependent_RPY_pose_sensitivity_clearance_p25,0.3505682073598042,m,local_y-w/2; positive beyond +Y face; not center error,5cd8ed8259d9f343b6898a40b96e75be1275ec94d67e0c9ee02aa68a9a7b38fe,/previous_GT_dependent_794_subset/RPY_pose_sensitivity/signed_lateral_clearance_quantiles_m/2,f813d26939a41c091247f199569a9dad30302408160c56d8d2bf163a1b59d9fa,little-endian float64 x 11; zero-based row; byte offset=88*row,prior_GT_dependent_794==1; raw_row_index,3db3ebb8e8d8b7dd97479b27b28dd12aa2f5e0db17b29994d844a8a2f2780457,a09217e877fe6bad821f9828240c4c1b64d29da1,True,False,data/measurements.json#/metrics/95/value,NATIVE_SCHEMA_AND_CHAIN_AUDIT.json,recompute_native_box.py,SOURCE_NOT_INCLUDED
M097,scene_35_31|Vehicle:97|0188,primary,legacy_GT_dependent_RPY_pose_sensitivity_clearance_median,0.4509000499700603,m,local_y-w/2; positive beyond +Y face; not center error,5cd8ed8259d9f343b6898a40b96e75be1275ec94d67e0c9ee02aa68a9a7b38fe,/previous_GT_dependent_794_subset/RPY_pose_sensitivity/signed_lateral_clearance_quantiles_m/3,f813d26939a41c091247f199569a9dad30302408160c56d8d2bf163a1b59d9fa,little-endian float64 x 11; zero-based row; byte offset=88*row,prior_GT_dependent_794==1; raw_row_index,3db3ebb8e8d8b7dd97479b27b28dd12aa2f5e0db17b29994d844a8a2f2780457,a09217e877fe6bad821f9828240c4c1b64d29da1,True,False,data/measurements.json#/metrics/96/value,NATIVE_SCHEMA_AND_CHAIN_AUDIT.json,recompute_native_box.py,SOURCE_NOT_INCLUDED
M098,scene_35_31|Vehicle:97|0188,primary,legacy_GT_dependent_RPY_pose_sensitivity_clearance_p75,0.5350243476125862,m,local_y-w/2; positive beyond +Y face; not center error,5cd8ed8259d9f343b6898a40b96e75be1275ec94d67e0c9ee02aa68a9a7b38fe,/previous_GT_dependent_794_subset/RPY_pose_sensitivity/signed_lateral_clearance_quantiles_m/4,f813d26939a41c091247f199569a9dad30302408160c56d8d2bf163a1b59d9fa,little-endian float64 x 11; zero-based row; byte offset=88*row,prior_GT_dependent_794==1; raw_row_index,3db3ebb8e8d8b7dd97479b27b28dd12aa2f5e0db17b29994d844a8a2f2780457,a09217e877fe6bad821f9828240c4c1b64d29da1,True,False,data/measurements.json#/metrics/97/value,NATIVE_SCHEMA_AND_CHAIN_AUDIT.json,recompute_native_box.py,SOURCE_NOT_INCLUDED
M099,scene_35_31|Vehicle:97|0188,primary,legacy_GT_dependent_RPY_pose_sensitivity_clearance_p95,0.6453055720048226,m,local_y-w/2; positive beyond +Y face; not center error,5cd8ed8259d9f343b6898a40b96e75be1275ec94d67e0c9ee02aa68a9a7b38fe,/previous_GT_dependent_794_subset/RPY_pose_sensitivity/signed_lateral_clearance_quantiles_m/5,f813d26939a41c091247f199569a9dad30302408160c56d8d2bf163a1b59d9fa,little-endian float64 x 11; zero-based row; byte offset=88*row,prior_GT_dependent_794==1; raw_row_index,3db3ebb8e8d8b7dd97479b27b28dd12aa2f5e0db17b29994d844a8a2f2780457,a09217e877fe6bad821f9828240c4c1b64d29da1,True,False,data/measurements.json#/metrics/98/value,NATIVE_SCHEMA_AND_CHAIN_AUDIT.json,recompute_native_box.py,SOURCE_NOT_INCLUDED
M100,scene_35_31|Vehicle:97|0188,primary,legacy_GT_dependent_RPY_pose_sensitivity_clearance_max,0.7940191836526567,m,local_y-w/2; positive beyond +Y face; not center error,5cd8ed8259d9f343b6898a40b96e75be1275ec94d67e0c9ee02aa68a9a7b38fe,/previous_GT_dependent_794_subset/RPY_pose_sensitivity/signed_lateral_clearance_quantiles_m/6,f813d26939a41c091247f199569a9dad30302408160c56d8d2bf163a1b59d9fa,little-endian float64 x 11; zero-based row; byte offset=88*row,prior_GT_dependent_794==1; raw_row_index,3db3ebb8e8d8b7dd97479b27b28dd12aa2f5e0db17b29994d844a8a2f2780457,a09217e877fe6bad821f9828240c4c1b64d29da1,True,False,data/measurements.json#/metrics/99/value,NATIVE_SCHEMA_AND_CHAIN_AUDIT.json,recompute_native_box.py,SOURCE_NOT_INCLUDED
M101,scene_35_31|Vehicle:97|0188,primary,raw_point_N,463041,count,,5cd8ed8259d9f343b6898a40b96e75be1275ec94d67e0c9ee02aa68a9a7b38fe,/processing_chain/raw_point_N,f813d26939a41c091247f199569a9dad30302408160c56d8d2bf163a1b59d9fa,little-endian float64 x 11; zero-based row; byte offset=88*row,N/A,3db3ebb8e8d8b7dd97479b27b28dd12aa2f5e0db17b29994d844a8a2f2780457,a09217e877fe6bad821f9828240c4c1b64d29da1,False,False,data/measurements.json#/metrics/100/value,NATIVE_SCHEMA_AND_CHAIN_AUDIT.json,recompute_native_box.py,SOURCE_NOT_INCLUDED
M102,scene_35_31|Vehicle:97|0188,primary,frozen_matrix_maxabs_difference,0.0,m or matrix max abs (see metric),,5cd8ed8259d9f343b6898a40b96e75be1275ec94d67e0c9ee02aa68a9a7b38fe,/processing_chain/frozen_matrix_maxabs_difference,f813d26939a41c091247f199569a9dad30302408160c56d8d2bf163a1b59d9fa,little-endian float64 x 11; zero-based row; byte offset=88*row,N/A,3db3ebb8e8d8b7dd97479b27b28dd12aa2f5e0db17b29994d844a8a2f2780457,a09217e877fe6bad821f9828240c4c1b64d29da1,False,False,data/measurements.json#/metrics/101/value,NATIVE_SCHEMA_AND_CHAIN_AUDIT.json,recompute_native_box.py,SOURCE_NOT_INCLUDED
M103,scene_35_31|Vehicle:97|0188,primary,float32_vs_float64_point_error_m_max,5.607995010379349e-05,m or matrix max abs (see metric),,5cd8ed8259d9f343b6898a40b96e75be1275ec94d67e0c9ee02aa68a9a7b38fe,/processing_chain/float32_vs_float64_point_error_m_max,f813d26939a41c091247f199569a9dad30302408160c56d8d2bf163a1b59d9fa,little-endian float64 x 11; zero-based row; byte offset=88*row,N/A,3db3ebb8e8d8b7dd97479b27b28dd12aa2f5e0db17b29994d844a8a2f2780457,a09217e877fe6bad821f9828240c4c1b64d29da1,False,False,data/measurements.json#/metrics/102/value,NATIVE_SCHEMA_AND_CHAIN_AUDIT.json,recompute_native_box.py,SOURCE_NOT_INCLUDED
M104,scene_35_31|Vehicle:97|0188,primary,selected_float32_vs_float64_error_m_max,8.048170057661893e-06,m or matrix max abs (see metric),,5cd8ed8259d9f343b6898a40b96e75be1275ec94d67e0c9ee02aa68a9a7b38fe,/processing_chain/selected_float32_vs_float64_error_m_max,f813d26939a41c091247f199569a9dad30302408160c56d8d2bf163a1b59d9fa,little-endian float64 x 11; zero-based row; byte offset=88*row,N/A,3db3ebb8e8d8b7dd97479b27b28dd12aa2f5e0db17b29994d844a8a2f2780457,a09217e877fe6bad821f9828240c4c1b64d29da1,False,False,data/measurements.json#/metrics/103/value,NATIVE_SCHEMA_AND_CHAIN_AUDIT.json,recompute_native_box.py,SOURCE_NOT_INCLUDED
M105,scene_35_31|Vehicle:97|0188,primary,global_center_to_native_center_m,8.881784197001252e-16,m or matrix max abs (see metric),,5cd8ed8259d9f343b6898a40b96e75be1275ec94d67e0c9ee02aa68a9a7b38fe,/processing_chain/global_center_to_native_center_m,f813d26939a41c091247f199569a9dad30302408160c56d8d2bf163a1b59d9fa,little-endian float64 x 11; zero-based row; byte offset=88*row,N/A,3db3ebb8e8d8b7dd97479b27b28dd12aa2f5e0db17b29994d844a8a2f2780457,a09217e877fe6bad821f9828240c4c1b64d29da1,False,False,data/measurements.json#/metrics/104/value,NATIVE_SCHEMA_AND_CHAIN_AUDIT.json,recompute_native_box.py,SOURCE_NOT_INCLUDED
M106,scene_35_31|Vehicle:97|0188,primary,native_pose_inverse_maxabs,1.3322676295501878e-15,m or matrix max abs (see metric),,5cd8ed8259d9f343b6898a40b96e75be1275ec94d67e0c9ee02aa68a9a7b38fe,/processing_chain/native_pose_inverse_maxabs,f813d26939a41c091247f199569a9dad30302408160c56d8d2bf163a1b59d9fa,little-endian float64 x 11; zero-based row; byte offset=88*row,N/A,3db3ebb8e8d8b7dd97479b27b28dd12aa2f5e0db17b29994d844a8a2f2780457,a09217e877fe6bad821f9828240c4c1b64d29da1,False,False,data/measurements.json#/metrics/105/value,NATIVE_SCHEMA_AND_CHAIN_AUDIT.json,recompute_native_box.py,SOURCE_NOT_INCLUDED
M107,scene_35_31|Vehicle:97|0188,primary,XYZ_over_clip60000_N,0,count,,5cd8ed8259d9f343b6898a40b96e75be1275ec94d67e0c9ee02aa68a9a7b38fe,/processing_chain/XYZ_over_clip60000_N,f813d26939a41c091247f199569a9dad30302408160c56d8d2bf163a1b59d9fa,little-endian float64 x 11; zero-based row; byte offset=88*row,N/A,3db3ebb8e8d8b7dd97479b27b28dd12aa2f5e0db17b29994d844a8a2f2780457,a09217e877fe6bad821f9828240c4c1b64d29da1,False,False,data/measurements.json#/metrics/106/value,NATIVE_SCHEMA_AND_CHAIN_AUDIT.json,recompute_native_box.py,SOURCE_NOT_INCLUDED
M108,scene_35_31|Vehicle:97|0188,primary,full_cloud_upright_OBB_count,316,count,,5cd8ed8259d9f343b6898a40b96e75be1275ec94d67e0c9ee02aa68a9a7b38fe,/full_cloud_OBB_point_counts/upright,f813d26939a41c091247f199569a9dad30302408160c56d8d2bf163a1b59d9fa,little-endian float64 x 11; zero-based row; byte offset=88*row,N/A,3db3ebb8e8d8b7dd97479b27b28dd12aa2f5e0db17b29994d844a8a2f2780457,a09217e877fe6bad821f9828240c4c1b64d29da1,False,False,data/measurements.json#/metrics/107/value,NATIVE_SCHEMA_AND_CHAIN_AUDIT.json,recompute_native_box.py,SOURCE_NOT_INCLUDED
M109,scene_35_31|Vehicle:97|0188,primary,selected_589_in_parent_Cab,0,count,,5cd8ed8259d9f343b6898a40b96e75be1275ec94d67e0c9ee02aa68a9a7b38fe,/independent_visible_panel_pixel_subset/Parent_Cab_OBB_inside_N,f813d26939a41c091247f199569a9dad30302408160c56d8d2bf163a1b59d9fa,little-endian float64 x 11; zero-based row; byte offset=88*row,pixel_panel_589==1; raw_row_index; existing 589 points,3db3ebb8e8d8b7dd97479b27b28dd12aa2f5e0db17b29994d844a8a2f2780457,a09217e877fe6bad821f9828240c4c1b64d29da1,False,False,data/measurements.json#/metrics/108/value,NATIVE_SCHEMA_AND_CHAIN_AUDIT.json,recompute_native_box.py,SOURCE_NOT_INCLUDED
M110,scene_28_12|Vehicle:11|0062,supplementary,points_N,57,count,,c9b92f7a403449dcedf06618a4792379f0accc9cf2606e37f6fedce991e4570b,/1/points_N,701f3d5acf47457e3c7c36b831ee73a2a12a1f404256089df7547d37bd0ce8ac,little-endian float64 x 11; zero-based row; byte offset=88*row,all existing 57 raw_row_index rows,9527b184f28f9bfe1dba60db5256dcbf4ad7ecacca577a506396d63cf559cfee,a09217e877fe6bad821f9828240c4c1b64d29da1,False,False,data/measurements.json#/metrics/109/value,SURFACE_CORRIDOR_DIAGNOSTICS.json,render_surface_details.py,SOURCE_NOT_INCLUDED
M111,scene_28_12|Vehicle:11|0062,supplementary,positive_clearance_point_N,25,count,,c9b92f7a403449dcedf06618a4792379f0accc9cf2606e37f6fedce991e4570b,/1/positive_clearance_point_N,701f3d5acf47457e3c7c36b831ee73a2a12a1f404256089df7547d37bd0ce8ac,little-endian float64 x 11; zero-based row; byte offset=88*row,all existing 57 raw_row_index rows,9527b184f28f9bfe1dba60db5256dcbf4ad7ecacca577a506396d63cf559cfee,a09217e877fe6bad821f9828240c4c1b64d29da1,False,False,data/measurements.json#/metrics/110/value,SURFACE_CORRIDOR_DIAGNOSTICS.json,render_surface_details.py,SOURCE_NOT_INCLUDED
M112,scene_28_12|Vehicle:11|0062,supplementary,corridor_longitudinal_clearance_min,-2.578727854946175,m,GT-dependent Cab-body-like corridor; physical ownership moderate; not center error,c9b92f7a403449dcedf06618a4792379f0accc9cf2606e37f6fedce991e4570b,/1/signed_surface_to_positive_face_quantiles_m/0,701f3d5acf47457e3c7c36b831ee73a2a12a1f404256089df7547d37bd0ce8ac,little-endian float64 x 11; zero-based row; byte offset=88*row,all existing 57 raw_row_index rows,9527b184f28f9bfe1dba60db5256dcbf4ad7ecacca577a506396d63cf559cfee,a09217e877fe6bad821f9828240c4c1b64d29da1,False,False,data/measurements.json#/metrics/111/value,SURFACE_CORRIDOR_DIAGNOSTICS.json,render_surface_details.py,SOURCE_NOT_INCLUDED
M113,scene_28_12|Vehicle:11|0062,supplementary,corridor_longitudinal_clearance_p05,-2.309262382088602,m,GT-dependent Cab-body-like corridor; physical ownership moderate; not center error,c9b92f7a403449dcedf06618a4792379f0accc9cf2606e37f6fedce991e4570b,/1/signed_surface_to_positive_face_quantiles_m/1,701f3d5acf47457e3c7c36b831ee73a2a12a1f404256089df7547d37bd0ce8ac,little-endian float64 x 11; zero-based row; byte offset=88*row,all existing 57 raw_row_index rows,9527b184f28f9bfe1dba60db5256dcbf4ad7ecacca577a506396d63cf559cfee,a09217e877fe6bad821f9828240c4c1b64d29da1,False,False,data/measurements.json#/metrics/112/value,SURFACE_CORRIDOR_DIAGNOSTICS.json,render_surface_details.py,SOURCE_NOT_INCLUDED
M114,scene_28_12|Vehicle:11|0062,supplementary,corridor_longitudinal_clearance_p25,-2.168822103445879,m,GT-dependent Cab-body-like corridor; physical ownership moderate; not center error,c9b92f7a403449dcedf06618a4792379f0accc9cf2606e37f6fedce991e4570b,/1/signed_surface_to_positive_face_quantiles_m/2,701f3d5acf47457e3c7c36b831ee73a2a12a1f404256089df7547d37bd0ce8ac,little-endian float64 x 11; zero-based row; byte offset=88*row,all existing 57 raw_row_index rows,9527b184f28f9bfe1dba60db5256dcbf4ad7ecacca577a506396d63cf559cfee,a09217e877fe6bad821f9828240c4c1b64d29da1,False,False,data/measurements.json#/metrics/113/value,SURFACE_CORRIDOR_DIAGNOSTICS.json,render_surface_details.py,SOURCE_NOT_INCLUDED
M115,scene_28_12|Vehicle:11|0062,supplementary,corridor_longitudinal_clearance_median,-1.2580168754907544,m,GT-dependent Cab-body-like corridor; physical ownership moderate; not center error,c9b92f7a403449dcedf06618a4792379f0accc9cf2606e37f6fedce991e4570b,/1/signed_surface_to_positive_face_quantiles_m/3,701f3d5acf47457e3c7c36b831ee73a2a12a1f404256089df7547d37bd0ce8ac,little-endian float64 x 11; zero-based row; byte offset=88*row,all existing 57 raw_row_index rows,9527b184f28f9bfe1dba60db5256dcbf4ad7ecacca577a506396d63cf559cfee,a09217e877fe6bad821f9828240c4c1b64d29da1,False,False,data/measurements.json#/metrics/114/value,SURFACE_CORRIDOR_DIAGNOSTICS.json,render_surface_details.py,SOURCE_NOT_INCLUDED
M116,scene_28_12|Vehicle:11|0062,supplementary,corridor_longitudinal_clearance_p75,0.3704702691971864,m,GT-dependent Cab-body-like corridor; physical ownership moderate; not center error,c9b92f7a403449dcedf06618a4792379f0accc9cf2606e37f6fedce991e4570b,/1/signed_surface_to_positive_face_quantiles_m/4,701f3d5acf47457e3c7c36b831ee73a2a12a1f404256089df7547d37bd0ce8ac,little-endian float64 x 11; zero-based row; byte offset=88*row,all existing 57 raw_row_index rows,9527b184f28f9bfe1dba60db5256dcbf4ad7ecacca577a506396d63cf559cfee,a09217e877fe6bad821f9828240c4c1b64d29da1,False,False,data/measurements.json#/metrics/115/value,SURFACE_CORRIDOR_DIAGNOSTICS.json,render_surface_details.py,SOURCE_NOT_INCLUDED
M117,scene_28_12|Vehicle:11|0062,supplementary,corridor_longitudinal_clearance_p95,0.690338038176886,m,GT-dependent Cab-body-like corridor; physical ownership moderate; not center error,c9b92f7a403449dcedf06618a4792379f0accc9cf2606e37f6fedce991e4570b,/1/signed_surface_to_positive_face_quantiles_m/5,701f3d5acf47457e3c7c36b831ee73a2a12a1f404256089df7547d37bd0ce8ac,little-endian float64 x 11; zero-based row; byte offset=88*row,all existing 57 raw_row_index rows,9527b184f28f9bfe1dba60db5256dcbf4ad7ecacca577a506396d63cf559cfee,a09217e877fe6bad821f9828240c4c1b64d29da1,False,False,data/measurements.json#/metrics/116/value,SURFACE_CORRIDOR_DIAGNOSTICS.json,render_surface_details.py,SOURCE_NOT_INCLUDED
M118,scene_28_12|Vehicle:11|0062,supplementary,corridor_longitudinal_clearance_max,0.840725475290264,m,GT-dependent Cab-body-like corridor; physical ownership moderate; not center error,c9b92f7a403449dcedf06618a4792379f0accc9cf2606e37f6fedce991e4570b,/1/signed_surface_to_positive_face_quantiles_m/6,701f3d5acf47457e3c7c36b831ee73a2a12a1f404256089df7547d37bd0ce8ac,little-endian float64 x 11; zero-based row; byte offset=88*row,all existing 57 raw_row_index rows,9527b184f28f9bfe1dba60db5256dcbf4ad7ecacca577a506396d63cf559cfee,a09217e877fe6bad821f9828240c4c1b64d29da1,False,False,data/measurements.json#/metrics/117/value,SURFACE_CORRIDOR_DIAGNOSTICS.json,render_surface_details.py,SOURCE_NOT_INCLUDED
M119,scene_35_31|Vehicle:97|0188,primary,historical_GT_OBB_points,316,count,,acc217de8fcda85e04587c4068c7d4ccbad6711ba4aa6fe8e700e3d11f519dc9,/GT_OBB_points,f813d26939a41c091247f199569a9dad30302408160c56d8d2bf163a1b59d9fa,little-endian float64 x 11; zero-based row; byte offset=88*row,raw_index / ray; unassigned search rows,2457ffd37965a2760406deaa55f65544e673b12c4a9a10a1b15c69585da285cd,a09217e877fe6bad821f9828240c4c1b64d29da1,False,False,data/measurements.json#/metrics/118/value,H01_HISTORICAL_NEAR_NUMERIC.json,inspect_nonbarrel.py,SOURCE_NOT_INCLUDED
M120,scene_35_31|Vehicle:97|0188,primary,historical_native2D_ray_local_count,1285,count,,acc217de8fcda85e04587c4068c7d4ccbad6711ba4aa6fe8e700e3d11f519dc9,/native2D_ray_local_count,f813d26939a41c091247f199569a9dad30302408160c56d8d2bf163a1b59d9fa,little-endian float64 x 11; zero-based row; byte offset=88*row,raw_index / ray; unassigned search rows,2457ffd37965a2760406deaa55f65544e673b12c4a9a10a1b15c69585da285cd,a09217e877fe6bad821f9828240c4c1b64d29da1,False,False,data/measurements.json#/metrics/119/value,H01_HISTORICAL_NEAR_NUMERIC.json,inspect_nonbarrel.py,SOURCE_NOT_INCLUDED
M121,scene_35_31|Vehicle:97|0188,primary,historical_native2D_ray_local_outside_GT,978,count,,acc217de8fcda85e04587c4068c7d4ccbad6711ba4aa6fe8e700e3d11f519dc9,/native2D_ray_local_outside_GT,f813d26939a41c091247f199569a9dad30302408160c56d8d2bf163a1b59d9fa,little-endian float64 x 11; zero-based row; byte offset=88*row,raw_index / ray; unassigned search rows,2457ffd37965a2760406deaa55f65544e673b12c4a9a10a1b15c69585da285cd,a09217e877fe6bad821f9828240c4c1b64d29da1,False,False,data/measurements.json#/metrics/120/value,H01_HISTORICAL_NEAR_NUMERIC.json,inspect_nonbarrel.py,SOURCE_NOT_INCLUDED
M122,scene_35_31|Vehicle:97|0188,primary,projected_rectangle_minus_native2D_center_u,-2.158123274457239,px,,acc217de8fcda85e04587c4068c7d4ccbad6711ba4aa6fe8e700e3d11f519dc9,/projected_minus_native_center_uv_px/0,f813d26939a41c091247f199569a9dad30302408160c56d8d2bf163a1b59d9fa,little-endian float64 x 11; zero-based row; byte offset=88*row,N/A,2457ffd37965a2760406deaa55f65544e673b12c4a9a10a1b15c69585da285cd,a09217e877fe6bad821f9828240c4c1b64d29da1,False,False,data/measurements.json#/metrics/121/value,H01_HISTORICAL_NEAR_NUMERIC.json,inspect_nonbarrel.py,SOURCE_NOT_INCLUDED
M123,scene_35_31|Vehicle:97|0188,primary,projected_rectangle_minus_native2D_center_v,7.2648361117674085,px,,acc217de8fcda85e04587c4068c7d4ccbad6711ba4aa6fe8e700e3d11f519dc9,/projected_minus_native_center_uv_px/1,f813d26939a41c091247f199569a9dad30302408160c56d8d2bf163a1b59d9fa,little-endian float64 x 11; zero-based row; byte offset=88*row,N/A,2457ffd37965a2760406deaa55f65544e673b12c4a9a10a1b15c69585da285cd,a09217e877fe6bad821f9828240c4c1b64d29da1,False,False,data/measurements.json#/metrics/122/value,H01_HISTORICAL_NEAR_NUMERIC.json,inspect_nonbarrel.py,SOURCE_NOT_INCLUDED
M124,scene_35_31|Vehicle:97|0188,primary,review_GT_OBB_points,316,count,,1c0d833083ef0373be72e0741646feb7b70b3fbbb1e9821b34812e1f8bafb6b4,/2/GT_OBB_points,f813d26939a41c091247f199569a9dad30302408160c56d8d2bf163a1b59d9fa,little-endian float64 x 11; zero-based row; byte offset=88*row,N/A,8cbfb94f836951ecb4e47b1f957b6fdba033eb4d21fa5dce2ccce6d3dc037d49,a09217e877fe6bad821f9828240c4c1b64d29da1,False,False,data/measurements.json#/metrics/123/value,SIX_CASES_AUDIT.json,audit_six.py,SOURCE_NOT_INCLUDED
M125,scene_35_31|Vehicle:97|0188,primary,review_projection_delta_u,-2.1581232744570116,px,,1c0d833083ef0373be72e0741646feb7b70b3fbbb1e9821b34812e1f8bafb6b4,/2/projected_minus_native_center_uv_px/0,f813d26939a41c091247f199569a9dad30302408160c56d8d2bf163a1b59d9fa,little-endian float64 x 11; zero-based row; byte offset=88*row,N/A,8cbfb94f836951ecb4e47b1f957b6fdba033eb4d21fa5dce2ccce6d3dc037d49,a09217e877fe6bad821f9828240c4c1b64d29da1,False,False,data/measurements.json#/metrics/124/value,SIX_CASES_AUDIT.json,audit_six.py,SOURCE_NOT_INCLUDED
M126,scene_35_31|Vehicle:97|0188,primary,review_projection_delta_v,7.264836111767522,px,,1c0d833083ef0373be72e0741646feb7b70b3fbbb1e9821b34812e1f8bafb6b4,/2/projected_minus_native_center_uv_px/1,f813d26939a41c091247f199569a9dad30302408160c56d8d2bf163a1b59d9fa,little-endian float64 x 11; zero-based row; byte offset=88*row,N/A,8cbfb94f836951ecb4e47b1f957b6fdba033eb4d21fa5dce2ccce6d3dc037d49,a09217e877fe6bad821f9828240c4c1b64d29da1,False,False,data/measurements.json#/metrics/125/value,SIX_CASES_AUDIT.json,audit_six.py,SOURCE_NOT_INCLUDED
M127,scene_42_8|Vehicle:87|0178,inconclusive,historical_GT_OBB_points,144,count,,6f3cdb90657b4a5b842d56ad74a555cbb13839bd87622825c7615ea62c80cb1f,/GT_OBB_points,7a9fa080f08e9987e6940037dd264b73941b3581ec14589a9ed0d31e75f4e02d,little-endian float64 x 11; zero-based row; byte offset=88*row,raw_index / ray; unassigned search rows,2457ffd37965a2760406deaa55f65544e673b12c4a9a10a1b15c69585da285cd,a09217e877fe6bad821f9828240c4c1b64d29da1,False,False,data/measurements.json#/metrics/126/value,H02_HISTORICAL_NEAR_NUMERIC.json,inspect_nonbarrel.py,SOURCE_NOT_INCLUDED
M128,scene_42_8|Vehicle:87|0178,inconclusive,historical_native2D_ray_local_count,792,count,,6f3cdb90657b4a5b842d56ad74a555cbb13839bd87622825c7615ea62c80cb1f,/native2D_ray_local_count,7a9fa080f08e9987e6940037dd264b73941b3581ec14589a9ed0d31e75f4e02d,little-endian float64 x 11; zero-based row; byte offset=88*row,raw_index / ray; unassigned search rows,2457ffd37965a2760406deaa55f65544e673b12c4a9a10a1b15c69585da285cd,a09217e877fe6bad821f9828240c4c1b64d29da1,False,False,data/measurements.json#/metrics/127/value,H02_HISTORICAL_NEAR_NUMERIC.json,inspect_nonbarrel.py,SOURCE_NOT_INCLUDED
M129,scene_42_8|Vehicle:87|0178,inconclusive,historical_native2D_ray_local_outside_GT,648,count,,6f3cdb90657b4a5b842d56ad74a555cbb13839bd87622825c7615ea62c80cb1f,/native2D_ray_local_outside_GT,7a9fa080f08e9987e6940037dd264b73941b3581ec14589a9ed0d31e75f4e02d,little-endian float64 x 11; zero-based row; byte offset=88*row,raw_index / ray; unassigned search rows,2457ffd37965a2760406deaa55f65544e673b12c4a9a10a1b15c69585da285cd,a09217e877fe6bad821f9828240c4c1b64d29da1,False,False,data/measurements.json#/metrics/128/value,H02_HISTORICAL_NEAR_NUMERIC.json,inspect_nonbarrel.py,SOURCE_NOT_INCLUDED
M130,scene_42_8|Vehicle:87|0178,inconclusive,projected_rectangle_minus_native2D_center_u,-19.9413299492644,px,,6f3cdb90657b4a5b842d56ad74a555cbb13839bd87622825c7615ea62c80cb1f,/projected_minus_native_center_uv_px/0,7a9fa080f08e9987e6940037dd264b73941b3581ec14589a9ed0d31e75f4e02d,little-endian float64 x 11; zero-based row; byte offset=88*row,N/A,2457ffd37965a2760406deaa55f65544e673b12c4a9a10a1b15c69585da285cd,a09217e877fe6bad821f9828240c4c1b64d29da1,False,False,data/measurements.json#/metrics/129/value,H02_HISTORICAL_NEAR_NUMERIC.json,inspect_nonbarrel.py,SOURCE_NOT_INCLUDED
M131,scene_42_8|Vehicle:87|0178,inconclusive,projected_rectangle_minus_native2D_center_v,5.770924093095232,px,,6f3cdb90657b4a5b842d56ad74a555cbb13839bd87622825c7615ea62c80cb1f,/projected_minus_native_center_uv_px/1,7a9fa080f08e9987e6940037dd264b73941b3581ec14589a9ed0d31e75f4e02d,little-endian float64 x 11; zero-based row; byte offset=88*row,N/A,2457ffd37965a2760406deaa55f65544e673b12c4a9a10a1b15c69585da285cd,a09217e877fe6bad821f9828240c4c1b64d29da1,False,False,data/measurements.json#/metrics/130/value,H02_HISTORICAL_NEAR_NUMERIC.json,inspect_nonbarrel.py,SOURCE_NOT_INCLUDED
M132,scene_42_8|Vehicle:87|0178,inconclusive,review_GT_OBB_points,144,count,,1c0d833083ef0373be72e0741646feb7b70b3fbbb1e9821b34812e1f8bafb6b4,/3/GT_OBB_points,7a9fa080f08e9987e6940037dd264b73941b3581ec14589a9ed0d31e75f4e02d,little-endian float64 x 11; zero-based row; byte offset=88*row,N/A,8cbfb94f836951ecb4e47b1f957b6fdba033eb4d21fa5dce2ccce6d3dc037d49,a09217e877fe6bad821f9828240c4c1b64d29da1,False,False,data/measurements.json#/metrics/131/value,SIX_CASES_AUDIT.json,audit_six.py,SOURCE_NOT_INCLUDED
M133,scene_42_8|Vehicle:87|0178,inconclusive,review_projection_delta_u,-19.941329949264855,px,,1c0d833083ef0373be72e0741646feb7b70b3fbbb1e9821b34812e1f8bafb6b4,/3/projected_minus_native_center_uv_px/0,7a9fa080f08e9987e6940037dd264b73941b3581ec14589a9ed0d31e75f4e02d,little-endian float64 x 11; zero-based row; byte offset=88*row,N/A,8cbfb94f836951ecb4e47b1f957b6fdba033eb4d21fa5dce2ccce6d3dc037d49,a09217e877fe6bad821f9828240c4c1b64d29da1,False,False,data/measurements.json#/metrics/132/value,SIX_CASES_AUDIT.json,audit_six.py,SOURCE_NOT_INCLUDED
M134,scene_42_8|Vehicle:87|0178,inconclusive,review_projection_delta_v,5.770924093095232,px,,1c0d833083ef0373be72e0741646feb7b70b3fbbb1e9821b34812e1f8bafb6b4,/3/projected_minus_native_center_uv_px/1,7a9fa080f08e9987e6940037dd264b73941b3581ec14589a9ed0d31e75f4e02d,little-endian float64 x 11; zero-based row; byte offset=88*row,N/A,8cbfb94f836951ecb4e47b1f957b6fdba033eb4d21fa5dce2ccce6d3dc037d49,a09217e877fe6bad821f9828240c4c1b64d29da1,False,False,data/measurements.json#/metrics/133/value,SIX_CASES_AUDIT.json,audit_six.py,SOURCE_NOT_INCLUDED
M135,scene_28_9|Vehicle:6|0285,inconclusive,historical_GT_OBB_points,0,count,,1412af4a4f55a079b6bec89200d8aea152ff7847928281cc0ddd7e7113bef9df,/GT_OBB_points,726a19043bc6d495f59cd39aa50292e259153891969694ca474af2b53cd82149,little-endian float64 x 11; zero-based row; byte offset=88*row,raw_index / ray; unassigned search rows,2457ffd37965a2760406deaa55f65544e673b12c4a9a10a1b15c69585da285cd,a09217e877fe6bad821f9828240c4c1b64d29da1,False,False,data/measurements.json#/metrics/134/value,N01_NEAR_NUMERIC.json,inspect_nonbarrel.py,SOURCE_NOT_INCLUDED
M136,scene_28_9|Vehicle:6|0285,inconclusive,historical_native2D_ray_local_count,27,count,,1412af4a4f55a079b6bec89200d8aea152ff7847928281cc0ddd7e7113bef9df,/native2D_ray_local_count,726a19043bc6d495f59cd39aa50292e259153891969694ca474af2b53cd82149,little-endian float64 x 11; zero-based row; byte offset=88*row,raw_index / ray; unassigned search rows,2457ffd37965a2760406deaa55f65544e673b12c4a9a10a1b15c69585da285cd,a09217e877fe6bad821f9828240c4c1b64d29da1,False,False,data/measurements.json#/metrics/135/value,N01_NEAR_NUMERIC.json,inspect_nonbarrel.py,SOURCE_NOT_INCLUDED
M137,scene_28_9|Vehicle:6|0285,inconclusive,historical_native2D_ray_local_outside_GT,27,count,,1412af4a4f55a079b6bec89200d8aea152ff7847928281cc0ddd7e7113bef9df,/native2D_ray_local_outside_GT,726a19043bc6d495f59cd39aa50292e259153891969694ca474af2b53cd82149,little-endian float64 x 11; zero-based row; byte offset=88*row,raw_index / ray; unassigned search rows,2457ffd37965a2760406deaa55f65544e673b12c4a9a10a1b15c69585da285cd,a09217e877fe6bad821f9828240c4c1b64d29da1,False,False,data/measurements.json#/metrics/136/value,N01_NEAR_NUMERIC.json,inspect_nonbarrel.py,SOURCE_NOT_INCLUDED
M138,scene_28_9|Vehicle:6|0285,inconclusive,projected_rectangle_minus_native2D_center_u,-18.414623957485674,px,,1412af4a4f55a079b6bec89200d8aea152ff7847928281cc0ddd7e7113bef9df,/projected_minus_native_center_uv_px/0,726a19043bc6d495f59cd39aa50292e259153891969694ca474af2b53cd82149,little-endian float64 x 11; zero-based row; byte offset=88*row,N/A,2457ffd37965a2760406deaa55f65544e673b12c4a9a10a1b15c69585da285cd,a09217e877fe6bad821f9828240c4c1b64d29da1,False,False,data/measurements.json#/metrics/137/value,N01_NEAR_NUMERIC.json,inspect_nonbarrel.py,SOURCE_NOT_INCLUDED
M139,scene_28_9|Vehicle:6|0285,inconclusive,projected_rectangle_minus_native2D_center_v,2.8070040142796415,px,,1412af4a4f55a079b6bec89200d8aea152ff7847928281cc0ddd7e7113bef9df,/projected_minus_native_center_uv_px/1,726a19043bc6d495f59cd39aa50292e259153891969694ca474af2b53cd82149,little-endian float64 x 11; zero-based row; byte offset=88*row,N/A,2457ffd37965a2760406deaa55f65544e673b12c4a9a10a1b15c69585da285cd,a09217e877fe6bad821f9828240c4c1b64d29da1,False,False,data/measurements.json#/metrics/138/value,N01_NEAR_NUMERIC.json,inspect_nonbarrel.py,SOURCE_NOT_INCLUDED
M140,scene_28_9|Vehicle:6|0324,inconclusive,historical_GT_OBB_points,5,count,,0394c4e57ccca672ff5c602d3a597c2342e428802e79804d931e0a67620d6dd9,/GT_OBB_points,b026b8de17b86168f18a2d833a32aea6ca16fcae8612cc4703dc3c3c2aff797b,little-endian float64 x 11; zero-based row; byte offset=88*row,raw_index / ray; unassigned search rows,2457ffd37965a2760406deaa55f65544e673b12c4a9a10a1b15c69585da285cd,a09217e877fe6bad821f9828240c4c1b64d29da1,False,False,data/measurements.json#/metrics/139/value,N01_FAR_NUMERIC.json,inspect_nonbarrel.py,SOURCE_NOT_INCLUDED
M141,scene_28_9|Vehicle:6|0324,inconclusive,historical_native2D_ray_local_count,2,count,,0394c4e57ccca672ff5c602d3a597c2342e428802e79804d931e0a67620d6dd9,/native2D_ray_local_count,b026b8de17b86168f18a2d833a32aea6ca16fcae8612cc4703dc3c3c2aff797b,little-endian float64 x 11; zero-based row; byte offset=88*row,raw_index / ray; unassigned search rows,2457ffd37965a2760406deaa55f65544e673b12c4a9a10a1b15c69585da285cd,a09217e877fe6bad821f9828240c4c1b64d29da1,False,False,data/measurements.json#/metrics/140/value,N01_FAR_NUMERIC.json,inspect_nonbarrel.py,SOURCE_NOT_INCLUDED
M142,scene_28_9|Vehicle:6|0324,inconclusive,historical_native2D_ray_local_outside_GT,0,count,,0394c4e57ccca672ff5c602d3a597c2342e428802e79804d931e0a67620d6dd9,/native2D_ray_local_outside_GT,b026b8de17b86168f18a2d833a32aea6ca16fcae8612cc4703dc3c3c2aff797b,little-endian float64 x 11; zero-based row; byte offset=88*row,raw_index / ray; unassigned search rows,2457ffd37965a2760406deaa55f65544e673b12c4a9a10a1b15c69585da285cd,a09217e877fe6bad821f9828240c4c1b64d29da1,False,False,data/measurements.json#/metrics/141/value,N01_FAR_NUMERIC.json,inspect_nonbarrel.py,SOURCE_NOT_INCLUDED
M143,scene_28_9|Vehicle:6|0324,inconclusive,projected_rectangle_minus_native2D_center_u,7.956814045043302,px,,0394c4e57ccca672ff5c602d3a597c2342e428802e79804d931e0a67620d6dd9,/projected_minus_native_center_uv_px/0,b026b8de17b86168f18a2d833a32aea6ca16fcae8612cc4703dc3c3c2aff797b,little-endian float64 x 11; zero-based row; byte offset=88*row,N/A,2457ffd37965a2760406deaa55f65544e673b12c4a9a10a1b15c69585da285cd,a09217e877fe6bad821f9828240c4c1b64d29da1,False,False,data/measurements.json#/metrics/142/value,N01_FAR_NUMERIC.json,inspect_nonbarrel.py,SOURCE_NOT_INCLUDED
M144,scene_28_9|Vehicle:6|0324,inconclusive,projected_rectangle_minus_native2D_center_v,6.947922065408193,px,,0394c4e57ccca672ff5c602d3a597c2342e428802e79804d931e0a67620d6dd9,/projected_minus_native_center_uv_px/1,b026b8de17b86168f18a2d833a32aea6ca16fcae8612cc4703dc3c3c2aff797b,little-endian float64 x 11; zero-based row; byte offset=88*row,N/A,2457ffd37965a2760406deaa55f65544e673b12c4a9a10a1b15c69585da285cd,a09217e877fe6bad821f9828240c4c1b64d29da1,False,False,data/measurements.json#/metrics/143/value,N01_FAR_NUMERIC.json,inspect_nonbarrel.py,SOURCE_NOT_INCLUDED
M145,scene_28_9|Vehicle:8|0253,inconclusive,historical_GT_OBB_points,17,count,,2b2f5e617ab25b9a04f06a0ad7b5a229c9ad4544775502fcec9de17db7663e68,/GT_OBB_points,351d113a63280101a6c893fee31173705d0bafd782c7c9ea5df0d85046e41150,little-endian float64 x 11; zero-based row; byte offset=88*row,raw_index / ray; unassigned search rows,2457ffd37965a2760406deaa55f65544e673b12c4a9a10a1b15c69585da285cd,a09217e877fe6bad821f9828240c4c1b64d29da1,False,False,data/measurements.json#/metrics/144/value,N02_NEAR_NUMERIC.json,inspect_nonbarrel.py,SOURCE_NOT_INCLUDED
M146,scene_28_9|Vehicle:8|0253,inconclusive,historical_native2D_ray_local_count,7,count,,2b2f5e617ab25b9a04f06a0ad7b5a229c9ad4544775502fcec9de17db7663e68,/native2D_ray_local_count,351d113a63280101a6c893fee31173705d0bafd782c7c9ea5df0d85046e41150,little-endian float64 x 11; zero-based row; byte offset=88*row,raw_index / ray; unassigned search rows,2457ffd37965a2760406deaa55f65544e673b12c4a9a10a1b15c69585da285cd,a09217e877fe6bad821f9828240c4c1b64d29da1,False,False,data/measurements.json#/metrics/145/value,N02_NEAR_NUMERIC.json,inspect_nonbarrel.py,SOURCE_NOT_INCLUDED
M147,scene_28_9|Vehicle:8|0253,inconclusive,historical_native2D_ray_local_outside_GT,7,count,,2b2f5e617ab25b9a04f06a0ad7b5a229c9ad4544775502fcec9de17db7663e68,/native2D_ray_local_outside_GT,351d113a63280101a6c893fee31173705d0bafd782c7c9ea5df0d85046e41150,little-endian float64 x 11; zero-based row; byte offset=88*row,raw_index / ray; unassigned search rows,2457ffd37965a2760406deaa55f65544e673b12c4a9a10a1b15c69585da285cd,a09217e877fe6bad821f9828240c4c1b64d29da1,False,False,data/measurements.json#/metrics/146/value,N02_NEAR_NUMERIC.json,inspect_nonbarrel.py,SOURCE_NOT_INCLUDED
M148,scene_28_9|Vehicle:8|0253,inconclusive,projected_rectangle_minus_native2D_center_u,-12.113963876745402,px,,2b2f5e617ab25b9a04f06a0ad7b5a229c9ad4544775502fcec9de17db7663e68,/projected_minus_native_center_uv_px/0,351d113a63280101a6c893fee31173705d0bafd782c7c9ea5df0d85046e41150,little-endian float64 x 11; zero-based row; byte offset=88*row,N/A,2457ffd37965a2760406deaa55f65544e673b12c4a9a10a1b15c69585da285cd,a09217e877fe6bad821f9828240c4c1b64d29da1,False,False,data/measurements.json#/metrics/147/value,N02_NEAR_NUMERIC.json,inspect_nonbarrel.py,SOURCE_NOT_INCLUDED
M149,scene_28_9|Vehicle:8|0253,inconclusive,projected_rectangle_minus_native2D_center_v,8.810706216759968,px,,2b2f5e617ab25b9a04f06a0ad7b5a229c9ad4544775502fcec9de17db7663e68,/projected_minus_native_center_uv_px/1,351d113a63280101a6c893fee31173705d0bafd782c7c9ea5df0d85046e41150,little-endian float64 x 11; zero-based row; byte offset=88*row,N/A,2457ffd37965a2760406deaa55f65544e673b12c4a9a10a1b15c69585da285cd,a09217e877fe6bad821f9828240c4c1b64d29da1,False,False,data/measurements.json#/metrics/148/value,N02_NEAR_NUMERIC.json,inspect_nonbarrel.py,SOURCE_NOT_INCLUDED
M150,scene_28_9|Vehicle:8|0340,inconclusive,historical_GT_OBB_points,0,count,,745a3bcb6f7d2eb8a251f110610bded8f44bd3f95585da28648ab1ee51ee1c7f,/GT_OBB_points,94dd84b4f9c030ebb1cd4667e404b8da2c5a66c3e561765edbaa96a1ec0e68b6,little-endian float64 x 11; zero-based row; byte offset=88*row,raw_index / ray; unassigned search rows,2457ffd37965a2760406deaa55f65544e673b12c4a9a10a1b15c69585da285cd,a09217e877fe6bad821f9828240c4c1b64d29da1,False,False,data/measurements.json#/metrics/149/value,N02_FAR_NUMERIC.json,inspect_nonbarrel.py,SOURCE_NOT_INCLUDED
M151,scene_28_9|Vehicle:8|0340,inconclusive,historical_native2D_ray_local_count,0,count,,745a3bcb6f7d2eb8a251f110610bded8f44bd3f95585da28648ab1ee51ee1c7f,/native2D_ray_local_count,94dd84b4f9c030ebb1cd4667e404b8da2c5a66c3e561765edbaa96a1ec0e68b6,little-endian float64 x 11; zero-based row; byte offset=88*row,raw_index / ray; unassigned search rows,2457ffd37965a2760406deaa55f65544e673b12c4a9a10a1b15c69585da285cd,a09217e877fe6bad821f9828240c4c1b64d29da1,False,False,data/measurements.json#/metrics/150/value,N02_FAR_NUMERIC.json,inspect_nonbarrel.py,SOURCE_NOT_INCLUDED
M152,scene_28_9|Vehicle:8|0340,inconclusive,historical_native2D_ray_local_outside_GT,0,count,,745a3bcb6f7d2eb8a251f110610bded8f44bd3f95585da28648ab1ee51ee1c7f,/native2D_ray_local_outside_GT,94dd84b4f9c030ebb1cd4667e404b8da2c5a66c3e561765edbaa96a1ec0e68b6,little-endian float64 x 11; zero-based row; byte offset=88*row,raw_index / ray; unassigned search rows,2457ffd37965a2760406deaa55f65544e673b12c4a9a10a1b15c69585da285cd,a09217e877fe6bad821f9828240c4c1b64d29da1,False,False,data/measurements.json#/metrics/151/value,N02_FAR_NUMERIC.json,inspect_nonbarrel.py,SOURCE_NOT_INCLUDED
M153,scene_28_9|Vehicle:8|0340,inconclusive,projected_rectangle_minus_native2D_center_u,12.045402161886273,px,,745a3bcb6f7d2eb8a251f110610bded8f44bd3f95585da28648ab1ee51ee1c7f,/projected_minus_native_center_uv_px/0,94dd84b4f9c030ebb1cd4667e404b8da2c5a66c3e561765edbaa96a1ec0e68b6,little-endian float64 x 11; zero-based row; byte offset=88*row,N/A,2457ffd37965a2760406deaa55f65544e673b12c4a9a10a1b15c69585da285cd,a09217e877fe6bad821f9828240c4c1b64d29da1,False,False,data/measurements.json#/metrics/152/value,N02_FAR_NUMERIC.json,inspect_nonbarrel.py,SOURCE_NOT_INCLUDED
M154,scene_28_9|Vehicle:8|0340,inconclusive,projected_rectangle_minus_native2D_center_v,3.592020869533542,px,,745a3bcb6f7d2eb8a251f110610bded8f44bd3f95585da28648ab1ee51ee1c7f,/projected_minus_native_center_uv_px/1,94dd84b4f9c030ebb1cd4667e404b8da2c5a66c3e561765edbaa96a1ec0e68b6,little-endian float64 x 11; zero-based row; byte offset=88*row,N/A,2457ffd37965a2760406deaa55f65544e673b12c4a9a10a1b15c69585da285cd,a09217e877fe6bad821f9828240c4c1b64d29da1,False,False,data/measurements.json#/metrics/153/value,N02_FAR_NUMERIC.json,inspect_nonbarrel.py,SOURCE_NOT_INCLUDED
M155,scene_28_12|Vehicle:9|0086,inconclusive,historical_GT_OBB_points,0,count,,695663f6d1404b58a0dad7baa75d57c2736b78ab76c1799253139dc3d69f5182,/GT_OBB_points,2187211b5bb2e0f713d56232c017904174ff8db81e3de2d1be4049b9c0fa2f75,little-endian float64 x 11; zero-based row; byte offset=88*row,raw_index / ray; unassigned search rows,2457ffd37965a2760406deaa55f65544e673b12c4a9a10a1b15c69585da285cd,a09217e877fe6bad821f9828240c4c1b64d29da1,False,False,data/measurements.json#/metrics/154/value,N03_NEAR_NUMERIC.json,inspect_nonbarrel.py,SOURCE_NOT_INCLUDED
M156,scene_28_12|Vehicle:9|0086,inconclusive,historical_native2D_ray_local_count,12,count,,695663f6d1404b58a0dad7baa75d57c2736b78ab76c1799253139dc3d69f5182,/native2D_ray_local_count,2187211b5bb2e0f713d56232c017904174ff8db81e3de2d1be4049b9c0fa2f75,little-endian float64 x 11; zero-based row; byte offset=88*row,raw_index / ray; unassigned search rows,2457ffd37965a2760406deaa55f65544e673b12c4a9a10a1b15c69585da285cd,a09217e877fe6bad821f9828240c4c1b64d29da1,False,False,data/measurements.json#/metrics/155/value,N03_NEAR_NUMERIC.json,inspect_nonbarrel.py,SOURCE_NOT_INCLUDED
M157,scene_28_12|Vehicle:9|0086,inconclusive,historical_native2D_ray_local_outside_GT,12,count,,695663f6d1404b58a0dad7baa75d57c2736b78ab76c1799253139dc3d69f5182,/native2D_ray_local_outside_GT,2187211b5bb2e0f713d56232c017904174ff8db81e3de2d1be4049b9c0fa2f75,little-endian float64 x 11; zero-based row; byte offset=88*row,raw_index / ray; unassigned search rows,2457ffd37965a2760406deaa55f65544e673b12c4a9a10a1b15c69585da285cd,a09217e877fe6bad821f9828240c4c1b64d29da1,False,False,data/measurements.json#/metrics/156/value,N03_NEAR_NUMERIC.json,inspect_nonbarrel.py,SOURCE_NOT_INCLUDED
M158,scene_28_12|Vehicle:9|0086,inconclusive,projected_rectangle_minus_native2D_center_u,-19.128559849032854,px,,695663f6d1404b58a0dad7baa75d57c2736b78ab76c1799253139dc3d69f5182,/projected_minus_native_center_uv_px/0,2187211b5bb2e0f713d56232c017904174ff8db81e3de2d1be4049b9c0fa2f75,little-endian float64 x 11; zero-based row; byte offset=88*row,N/A,2457ffd37965a2760406deaa55f65544e673b12c4a9a10a1b15c69585da285cd,a09217e877fe6bad821f9828240c4c1b64d29da1,False,False,data/measurements.json#/metrics/157/value,N03_NEAR_NUMERIC.json,inspect_nonbarrel.py,SOURCE_NOT_INCLUDED
M159,scene_28_12|Vehicle:9|0086,inconclusive,projected_rectangle_minus_native2D_center_v,-12.900110290976528,px,,695663f6d1404b58a0dad7baa75d57c2736b78ab76c1799253139dc3d69f5182,/projected_minus_native_center_uv_px/1,2187211b5bb2e0f713d56232c017904174ff8db81e3de2d1be4049b9c0fa2f75,little-endian float64 x 11; zero-based row; byte offset=88*row,N/A,2457ffd37965a2760406deaa55f65544e673b12c4a9a10a1b15c69585da285cd,a09217e877fe6bad821f9828240c4c1b64d29da1,False,False,data/measurements.json#/metrics/158/value,N03_NEAR_NUMERIC.json,inspect_nonbarrel.py,SOURCE_NOT_INCLUDED
M160,scene_28_12|Vehicle:9|0126,inconclusive,historical_GT_OBB_points,6,count,,62bc1e816e12cd5d178aa97ac9dd4e381fe11891c3888725b0590ba6303fd6b3,/GT_OBB_points,591130a75a51d6a4e17a35eb750097fdaa1e96e5f38d5adf24340bd629753105,little-endian float64 x 11; zero-based row; byte offset=88*row,raw_index / ray; unassigned search rows,2457ffd37965a2760406deaa55f65544e673b12c4a9a10a1b15c69585da285cd,a09217e877fe6bad821f9828240c4c1b64d29da1,False,False,data/measurements.json#/metrics/159/value,N03_FAR_NUMERIC.json,inspect_nonbarrel.py,SOURCE_NOT_INCLUDED
M161,scene_28_12|Vehicle:9|0126,inconclusive,historical_native2D_ray_local_count,6,count,,62bc1e816e12cd5d178aa97ac9dd4e381fe11891c3888725b0590ba6303fd6b3,/native2D_ray_local_count,591130a75a51d6a4e17a35eb750097fdaa1e96e5f38d5adf24340bd629753105,little-endian float64 x 11; zero-based row; byte offset=88*row,raw_index / ray; unassigned search rows,2457ffd37965a2760406deaa55f65544e673b12c4a9a10a1b15c69585da285cd,a09217e877fe6bad821f9828240c4c1b64d29da1,False,False,data/measurements.json#/metrics/160/value,N03_FAR_NUMERIC.json,inspect_nonbarrel.py,SOURCE_NOT_INCLUDED
M162,scene_28_12|Vehicle:9|0126,inconclusive,historical_native2D_ray_local_outside_GT,0,count,,62bc1e816e12cd5d178aa97ac9dd4e381fe11891c3888725b0590ba6303fd6b3,/native2D_ray_local_outside_GT,591130a75a51d6a4e17a35eb750097fdaa1e96e5f38d5adf24340bd629753105,little-endian float64 x 11; zero-based row; byte offset=88*row,raw_index / ray; unassigned search rows,2457ffd37965a2760406deaa55f65544e673b12c4a9a10a1b15c69585da285cd,a09217e877fe6bad821f9828240c4c1b64d29da1,False,False,data/measurements.json#/metrics/161/value,N03_FAR_NUMERIC.json,inspect_nonbarrel.py,SOURCE_NOT_INCLUDED
M163,scene_28_12|Vehicle:9|0126,inconclusive,projected_rectangle_minus_native2D_center_u,7.376170356581042,px,,62bc1e816e12cd5d178aa97ac9dd4e381fe11891c3888725b0590ba6303fd6b3,/projected_minus_native_center_uv_px/0,591130a75a51d6a4e17a35eb750097fdaa1e96e5f38d5adf24340bd629753105,little-endian float64 x 11; zero-based row; byte offset=88*row,N/A,2457ffd37965a2760406deaa55f65544e673b12c4a9a10a1b15c69585da285cd,a09217e877fe6bad821f9828240c4c1b64d29da1,False,False,data/measurements.json#/metrics/162/value,N03_FAR_NUMERIC.json,inspect_nonbarrel.py,SOURCE_NOT_INCLUDED
M164,scene_28_12|Vehicle:9|0126,inconclusive,projected_rectangle_minus_native2D_center_v,1.6095694693245264,px,,62bc1e816e12cd5d178aa97ac9dd4e381fe11891c3888725b0590ba6303fd6b3,/projected_minus_native_center_uv_px/1,591130a75a51d6a4e17a35eb750097fdaa1e96e5f38d5adf24340bd629753105,little-endian float64 x 11; zero-based row; byte offset=88*row,N/A,2457ffd37965a2760406deaa55f65544e673b12c4a9a10a1b15c69585da285cd,a09217e877fe6bad821f9828240c4c1b64d29da1,False,False,data/measurements.json#/metrics/163/value,N03_FAR_NUMERIC.json,inspect_nonbarrel.py,SOURCE_NOT_INCLUDED
M165,scene_28_12|Vehicle:11|0100,inconclusive,historical_GT_OBB_points,5,count,,97c27897989cb34eaad82b66da87271544db58937ac89a1c237c9f85682a54bd,/GT_OBB_points,8a52029fe33aa5ec675f8a80296e5d97fdd3bbecea33d857af5a91d1db2e9f9c,little-endian float64 x 11; zero-based row; byte offset=88*row,raw_index / ray; unassigned search rows,2457ffd37965a2760406deaa55f65544e673b12c4a9a10a1b15c69585da285cd,a09217e877fe6bad821f9828240c4c1b64d29da1,False,False,data/measurements.json#/metrics/164/value,N04_NEAR_NUMERIC.json,inspect_nonbarrel.py,SOURCE_NOT_INCLUDED
M166,scene_28_12|Vehicle:11|0100,inconclusive,historical_native2D_ray_local_count,28,count,,97c27897989cb34eaad82b66da87271544db58937ac89a1c237c9f85682a54bd,/native2D_ray_local_count,8a52029fe33aa5ec675f8a80296e5d97fdd3bbecea33d857af5a91d1db2e9f9c,little-endian float64 x 11; zero-based row; byte offset=88*row,raw_index / ray; unassigned search rows,2457ffd37965a2760406deaa55f65544e673b12c4a9a10a1b15c69585da285cd,a09217e877fe6bad821f9828240c4c1b64d29da1,False,False,data/measurements.json#/metrics/165/value,N04_NEAR_NUMERIC.json,inspect_nonbarrel.py,SOURCE_NOT_INCLUDED
M167,scene_28_12|Vehicle:11|0100,inconclusive,historical_native2D_ray_local_outside_GT,23,count,,97c27897989cb34eaad82b66da87271544db58937ac89a1c237c9f85682a54bd,/native2D_ray_local_outside_GT,8a52029fe33aa5ec675f8a80296e5d97fdd3bbecea33d857af5a91d1db2e9f9c,little-endian float64 x 11; zero-based row; byte offset=88*row,raw_index / ray; unassigned search rows,2457ffd37965a2760406deaa55f65544e673b12c4a9a10a1b15c69585da285cd,a09217e877fe6bad821f9828240c4c1b64d29da1,False,False,data/measurements.json#/metrics/166/value,N04_NEAR_NUMERIC.json,inspect_nonbarrel.py,SOURCE_NOT_INCLUDED
M168,scene_28_12|Vehicle:11|0100,inconclusive,projected_rectangle_minus_native2D_center_u,-17.10379469017016,px,,97c27897989cb34eaad82b66da87271544db58937ac89a1c237c9f85682a54bd,/projected_minus_native_center_uv_px/0,8a52029fe33aa5ec675f8a80296e5d97fdd3bbecea33d857af5a91d1db2e9f9c,little-endian float64 x 11; zero-based row; byte offset=88*row,N/A,2457ffd37965a2760406deaa55f65544e673b12c4a9a10a1b15c69585da285cd,a09217e877fe6bad821f9828240c4c1b64d29da1,False,False,data/measurements.json#/metrics/167/value,N04_NEAR_NUMERIC.json,inspect_nonbarrel.py,SOURCE_NOT_INCLUDED
M169,scene_28_12|Vehicle:11|0100,inconclusive,projected_rectangle_minus_native2D_center_v,-1.536334528594125,px,,97c27897989cb34eaad82b66da87271544db58937ac89a1c237c9f85682a54bd,/projected_minus_native_center_uv_px/1,8a52029fe33aa5ec675f8a80296e5d97fdd3bbecea33d857af5a91d1db2e9f9c,little-endian float64 x 11; zero-based row; byte offset=88*row,N/A,2457ffd37965a2760406deaa55f65544e673b12c4a9a10a1b15c69585da285cd,a09217e877fe6bad821f9828240c4c1b64d29da1,False,False,data/measurements.json#/metrics/168/value,N04_NEAR_NUMERIC.json,inspect_nonbarrel.py,SOURCE_NOT_INCLUDED
M170,scene_28_12|Vehicle:11|0062,supplementary,historical_GT_OBB_points,39,count,,603f71c179bfe88496675176e7c9c02111e00f9a6de465df00a90c308625714c,/GT_OBB_points,701f3d5acf47457e3c7c36b831ee73a2a12a1f404256089df7547d37bd0ce8ac,little-endian float64 x 11; zero-based row; byte offset=88*row,raw_index / ray; unassigned search rows,2457ffd37965a2760406deaa55f65544e673b12c4a9a10a1b15c69585da285cd,a09217e877fe6bad821f9828240c4c1b64d29da1,False,False,data/measurements.json#/metrics/169/value,N04_FAR_NUMERIC.json,inspect_nonbarrel.py,SOURCE_NOT_INCLUDED
M171,scene_28_12|Vehicle:11|0062,supplementary,historical_native2D_ray_local_count,64,count,,603f71c179bfe88496675176e7c9c02111e00f9a6de465df00a90c308625714c,/native2D_ray_local_count,701f3d5acf47457e3c7c36b831ee73a2a12a1f404256089df7547d37bd0ce8ac,little-endian float64 x 11; zero-based row; byte offset=88*row,raw_index / ray; unassigned search rows,2457ffd37965a2760406deaa55f65544e673b12c4a9a10a1b15c69585da285cd,a09217e877fe6bad821f9828240c4c1b64d29da1,False,False,data/measurements.json#/metrics/170/value,N04_FAR_NUMERIC.json,inspect_nonbarrel.py,SOURCE_NOT_INCLUDED
M172,scene_28_12|Vehicle:11|0062,supplementary,historical_native2D_ray_local_outside_GT,25,count,,603f71c179bfe88496675176e7c9c02111e00f9a6de465df00a90c308625714c,/native2D_ray_local_outside_GT,701f3d5acf47457e3c7c36b831ee73a2a12a1f404256089df7547d37bd0ce8ac,little-endian float64 x 11; zero-based row; byte offset=88*row,raw_index / ray; unassigned search rows,2457ffd37965a2760406deaa55f65544e673b12c4a9a10a1b15c69585da285cd,a09217e877fe6bad821f9828240c4c1b64d29da1,False,False,data/measurements.json#/metrics/171/value,N04_FAR_NUMERIC.json,inspect_nonbarrel.py,SOURCE_NOT_INCLUDED
M173,scene_28_12|Vehicle:11|0062,supplementary,projected_rectangle_minus_native2D_center_u,-0.660699970298765,px,,603f71c179bfe88496675176e7c9c02111e00f9a6de465df00a90c308625714c,/projected_minus_native_center_uv_px/0,701f3d5acf47457e3c7c36b831ee73a2a12a1f404256089df7547d37bd0ce8ac,little-endian float64 x 11; zero-based row; byte offset=88*row,N/A,2457ffd37965a2760406deaa55f65544e673b12c4a9a10a1b15c69585da285cd,a09217e877fe6bad821f9828240c4c1b64d29da1,False,False,data/measurements.json#/metrics/172/value,N04_FAR_NUMERIC.json,inspect_nonbarrel.py,SOURCE_NOT_INCLUDED
M174,scene_28_12|Vehicle:11|0062,supplementary,projected_rectangle_minus_native2D_center_v,0.7137005865151878,px,,603f71c179bfe88496675176e7c9c02111e00f9a6de465df00a90c308625714c,/projected_minus_native_center_uv_px/1,701f3d5acf47457e3c7c36b831ee73a2a12a1f404256089df7547d37bd0ce8ac,little-endian float64 x 11; zero-based row; byte offset=88*row,N/A,2457ffd37965a2760406deaa55f65544e673b12c4a9a10a1b15c69585da285cd,a09217e877fe6bad821f9828240c4c1b64d29da1,False,False,data/measurements.json#/metrics/173/value,N04_FAR_NUMERIC.json,inspect_nonbarrel.py,SOURCE_NOT_INCLUDED
M175,scene_35_31|Vehicle:97|0129,inconclusive,historical_GT_OBB_points,16,count,,109aee37228a4593b7077109f4f5309421f910b9583605ad610d755018e34d02,/GT_OBB_points,cec72c3824e356c943f5b4bb49f7c0a619aef3c0ec773401a9dc9408cdea5b54,little-endian float64 x 11; zero-based row; byte offset=88*row,raw_index / ray; unassigned search rows,2457ffd37965a2760406deaa55f65544e673b12c4a9a10a1b15c69585da285cd,a09217e877fe6bad821f9828240c4c1b64d29da1,False,False,data/measurements.json#/metrics/174/value,H01_FAR_NUMERIC.json,inspect_nonbarrel.py,SOURCE_NOT_INCLUDED
M176,scene_35_31|Vehicle:97|0129,inconclusive,historical_native2D_ray_local_count,24,count,,109aee37228a4593b7077109f4f5309421f910b9583605ad610d755018e34d02,/native2D_ray_local_count,cec72c3824e356c943f5b4bb49f7c0a619aef3c0ec773401a9dc9408cdea5b54,little-endian float64 x 11; zero-based row; byte offset=88*row,raw_index / ray; unassigned search rows,2457ffd37965a2760406deaa55f65544e673b12c4a9a10a1b15c69585da285cd,a09217e877fe6bad821f9828240c4c1b64d29da1,False,False,data/measurements.json#/metrics/175/value,H01_FAR_NUMERIC.json,inspect_nonbarrel.py,SOURCE_NOT_INCLUDED
M177,scene_35_31|Vehicle:97|0129,inconclusive,historical_native2D_ray_local_outside_GT,8,count,,109aee37228a4593b7077109f4f5309421f910b9583605ad610d755018e34d02,/native2D_ray_local_outside_GT,cec72c3824e356c943f5b4bb49f7c0a619aef3c0ec773401a9dc9408cdea5b54,little-endian float64 x 11; zero-based row; byte offset=88*row,raw_index / ray; unassigned search rows,2457ffd37965a2760406deaa55f65544e673b12c4a9a10a1b15c69585da285cd,a09217e877fe6bad821f9828240c4c1b64d29da1,False,False,data/measurements.json#/metrics/176/value,H01_FAR_NUMERIC.json,inspect_nonbarrel.py,SOURCE_NOT_INCLUDED
M178,scene_35_31|Vehicle:97|0129,inconclusive,projected_rectangle_minus_native2D_center_u,11.977020312377135,px,,109aee37228a4593b7077109f4f5309421f910b9583605ad610d755018e34d02,/projected_minus_native_center_uv_px/0,cec72c3824e356c943f5b4bb49f7c0a619aef3c0ec773401a9dc9408cdea5b54,little-endian float64 x 11; zero-based row; byte offset=88*row,N/A,2457ffd37965a2760406deaa55f65544e673b12c4a9a10a1b15c69585da285cd,a09217e877fe6bad821f9828240c4c1b64d29da1,False,False,data/measurements.json#/metrics/177/value,H01_FAR_NUMERIC.json,inspect_nonbarrel.py,SOURCE_NOT_INCLUDED
M179,scene_35_31|Vehicle:97|0129,inconclusive,projected_rectangle_minus_native2D_center_v,7.117630483306243,px,,109aee37228a4593b7077109f4f5309421f910b9583605ad610d755018e34d02,/projected_minus_native_center_uv_px/1,cec72c3824e356c943f5b4bb49f7c0a619aef3c0ec773401a9dc9408cdea5b54,little-endian float64 x 11; zero-based row; byte offset=88*row,N/A,2457ffd37965a2760406deaa55f65544e673b12c4a9a10a1b15c69585da285cd,a09217e877fe6bad821f9828240c4c1b64d29da1,False,False,data/measurements.json#/metrics/178/value,H01_FAR_NUMERIC.json,inspect_nonbarrel.py,SOURCE_NOT_INCLUDED
M180,scene_36_39|RoadObstruction:5|0090,inconclusive,review_GT_OBB_points,0,count,,1c0d833083ef0373be72e0741646feb7b70b3fbbb1e9821b34812e1f8bafb6b4,/0/GT_OBB_points,89ca100ca4a46b3dbe10105e535bbd5cb77dc69937f8a55cfca8ec2b1f4a3187,little-endian float64 x 11; zero-based row; byte offset=88*row,N/A,8cbfb94f836951ecb4e47b1f957b6fdba033eb4d21fa5dce2ccce6d3dc037d49,a09217e877fe6bad821f9828240c4c1b64d29da1,False,False,data/measurements.json#/metrics/179/value,SIX_CASES_AUDIT.json,audit_six.py,SOURCE_NOT_INCLUDED
M181,scene_36_39|RoadObstruction:5|0090,inconclusive,review_projection_delta_u,32.59277939341597,px,,1c0d833083ef0373be72e0741646feb7b70b3fbbb1e9821b34812e1f8bafb6b4,/0/projected_minus_native_center_uv_px/0,89ca100ca4a46b3dbe10105e535bbd5cb77dc69937f8a55cfca8ec2b1f4a3187,little-endian float64 x 11; zero-based row; byte offset=88*row,N/A,8cbfb94f836951ecb4e47b1f957b6fdba033eb4d21fa5dce2ccce6d3dc037d49,a09217e877fe6bad821f9828240c4c1b64d29da1,False,False,data/measurements.json#/metrics/180/value,SIX_CASES_AUDIT.json,audit_six.py,SOURCE_NOT_INCLUDED
M182,scene_36_39|RoadObstruction:5|0090,inconclusive,review_projection_delta_v,-0.7969792047706505,px,,1c0d833083ef0373be72e0741646feb7b70b3fbbb1e9821b34812e1f8bafb6b4,/0/projected_minus_native_center_uv_px/1,89ca100ca4a46b3dbe10105e535bbd5cb77dc69937f8a55cfca8ec2b1f4a3187,little-endian float64 x 11; zero-based row; byte offset=88*row,N/A,8cbfb94f836951ecb4e47b1f957b6fdba033eb4d21fa5dce2ccce6d3dc037d49,a09217e877fe6bad821f9828240c4c1b64d29da1,False,False,data/measurements.json#/metrics/181/value,SIX_CASES_AUDIT.json,audit_six.py,SOURCE_NOT_INCLUDED
M183,scene_36_39|RoadObstruction:5|0090,inconclusive,fixed11_count,11,count,,273edb7e963d0e8217959c241756ca0b7689ff49d52bdf7230b08ef6c0421be7,/selected_left_ray_returns/count,89ca100ca4a46b3dbe10105e535bbd5cb77dc69937f8a55cfca8ec2b1f4a3187,little-endian float64 x 11; zero-based row; byte offset=88*row,"same existing 11 raw indices; selected by side native2D, physical attribution unverified",44842e2b56b2340c2a6f29a00af6027c08663ae1b8cae5aaa9be61bf063553db,a09217e877fe6bad821f9828240c4c1b64d29da1,False,False,data/measurements.json#/metrics/182/value,FRAME_DIAGNOSTICS.json,analyze_frame.py,SOURCE_NOT_INCLUDED
M184,scene_36_39|RoadObstruction:5|0090,inconclusive,fixed11_front_native2D_inside,2,count,,273edb7e963d0e8217959c241756ca0b7689ff49d52bdf7230b08ef6c0421be7,/selected_left_ray_returns/front_native2D_inside,89ca100ca4a46b3dbe10105e535bbd5cb77dc69937f8a55cfca8ec2b1f4a3187,little-endian float64 x 11; zero-based row; byte offset=88*row,"same existing 11 raw indices; selected by side native2D, physical attribution unverified",44842e2b56b2340c2a6f29a00af6027c08663ae1b8cae5aaa9be61bf063553db,a09217e877fe6bad821f9828240c4c1b64d29da1,False,False,data/measurements.json#/metrics/183/value,FRAME_DIAGNOSTICS.json,analyze_frame.py,SOURCE_NOT_INCLUDED
M185,scene_36_39|RoadObstruction:5|0090,inconclusive,fixed11_front_native2D_right,9,count,,273edb7e963d0e8217959c241756ca0b7689ff49d52bdf7230b08ef6c0421be7,/selected_left_ray_returns/front_native2D_right,89ca100ca4a46b3dbe10105e535bbd5cb77dc69937f8a55cfca8ec2b1f4a3187,little-endian float64 x 11; zero-based row; byte offset=88*row,"same existing 11 raw indices; selected by side native2D, physical attribution unverified",44842e2b56b2340c2a6f29a00af6027c08663ae1b8cae5aaa9be61bf063553db,a09217e877fe6bad821f9828240c4c1b64d29da1,False,False,data/measurements.json#/metrics/184/value,FRAME_DIAGNOSTICS.json,analyze_frame.py,SOURCE_NOT_INCLUDED
M186,scene_36_39|RoadObstruction:5|0090,inconclusive,fixed11_extent_x,0.5526123046875,m,,273edb7e963d0e8217959c241756ca0b7689ff49d52bdf7230b08ef6c0421be7,/selected_left_ray_returns/XYZ_extent_m/0,89ca100ca4a46b3dbe10105e535bbd5cb77dc69937f8a55cfca8ec2b1f4a3187,little-endian float64 x 11; zero-based row; byte offset=88*row,"same existing 11 raw indices; selected by side native2D, physical attribution unverified",44842e2b56b2340c2a6f29a00af6027c08663ae1b8cae5aaa9be61bf063553db,a09217e877fe6bad821f9828240c4c1b64d29da1,False,False,data/measurements.json#/metrics/185/value,FRAME_DIAGNOSTICS.json,analyze_frame.py,SOURCE_NOT_INCLUDED
M187,scene_36_39|RoadObstruction:5|0090,inconclusive,fixed11_extent_y,0.383209228515625,m,,273edb7e963d0e8217959c241756ca0b7689ff49d52bdf7230b08ef6c0421be7,/selected_left_ray_returns/XYZ_extent_m/1,89ca100ca4a46b3dbe10105e535bbd5cb77dc69937f8a55cfca8ec2b1f4a3187,little-endian float64 x 11; zero-based row; byte offset=88*row,"same existing 11 raw indices; selected by side native2D, physical attribution unverified",44842e2b56b2340c2a6f29a00af6027c08663ae1b8cae5aaa9be61bf063553db,a09217e877fe6bad821f9828240c4c1b64d29da1,False,False,data/measurements.json#/metrics/186/value,FRAME_DIAGNOSTICS.json,analyze_frame.py,SOURCE_NOT_INCLUDED
M188,scene_36_39|RoadObstruction:5|0090,inconclusive,fixed11_extent_z,0.509702205657959,m,,273edb7e963d0e8217959c241756ca0b7689ff49d52bdf7230b08ef6c0421be7,/selected_left_ray_returns/XYZ_extent_m/2,89ca100ca4a46b3dbe10105e535bbd5cb77dc69937f8a55cfca8ec2b1f4a3187,little-endian float64 x 11; zero-based row; byte offset=88*row,"same existing 11 raw indices; selected by side native2D, physical attribution unverified",44842e2b56b2340c2a6f29a00af6027c08663ae1b8cae5aaa9be61bf063553db,a09217e877fe6bad821f9828240c4c1b64d29da1,False,False,data/measurements.json#/metrics/187/value,FRAME_DIAGNOSTICS.json,analyze_frame.py,SOURCE_NOT_INCLUDED
M189,scene_36_39|RoadObstruction:5|0090,inconclusive,fixed11_solid_gap_min,0.1963650942469815,m,point-to-solid OBB distance; not object center error,273edb7e963d0e8217959c241756ca0b7689ff49d52bdf7230b08ef6c0421be7,/selected_left_ray_returns/GT_solid_gap_minmax_m/0,89ca100ca4a46b3dbe10105e535bbd5cb77dc69937f8a55cfca8ec2b1f4a3187,little-endian float64 x 11; zero-based row; byte offset=88*row,"same existing 11 raw indices; selected by side native2D, physical attribution unverified",44842e2b56b2340c2a6f29a00af6027c08663ae1b8cae5aaa9be61bf063553db,a09217e877fe6bad821f9828240c4c1b64d29da1,False,False,data/measurements.json#/metrics/188/value,FRAME_DIAGNOSTICS.json,analyze_frame.py,SOURCE_NOT_INCLUDED
M190,scene_36_39|RoadObstruction:5|0090,inconclusive,fixed11_solid_gap_max,0.7438260885592756,m,point-to-solid OBB distance; not object center error,273edb7e963d0e8217959c241756ca0b7689ff49d52bdf7230b08ef6c0421be7,/selected_left_ray_returns/GT_solid_gap_minmax_m/1,89ca100ca4a46b3dbe10105e535bbd5cb77dc69937f8a55cfca8ec2b1f4a3187,little-endian float64 x 11; zero-based row; byte offset=88*row,"same existing 11 raw indices; selected by side native2D, physical attribution unverified",44842e2b56b2340c2a6f29a00af6027c08663ae1b8cae5aaa9be61bf063553db,a09217e877fe6bad821f9828240c4c1b64d29da1,False,False,data/measurements.json#/metrics/189/value,FRAME_DIAGNOSTICS.json,analyze_frame.py,SOURCE_NOT_INCLUDED
M191,scene_28_9|RoadObstruction:22|0346,inconclusive,review_GT_OBB_points,0,count,,1c0d833083ef0373be72e0741646feb7b70b3fbbb1e9821b34812e1f8bafb6b4,/1/GT_OBB_points,6ea92a5e3c2ccfc4d933e5b02aac4e92dbb9ffcc0fe34368771e263d5d217b50,little-endian float64 x 11; zero-based row; byte offset=88*row,N/A,8cbfb94f836951ecb4e47b1f957b6fdba033eb4d21fa5dce2ccce6d3dc037d49,a09217e877fe6bad821f9828240c4c1b64d29da1,False,False,data/measurements.json#/metrics/190/value,SIX_CASES_AUDIT.json,audit_six.py,SOURCE_NOT_INCLUDED
M192,scene_28_9|RoadObstruction:22|0346,inconclusive,review_projection_delta_u,17.61871790357077,px,,1c0d833083ef0373be72e0741646feb7b70b3fbbb1e9821b34812e1f8bafb6b4,/1/projected_minus_native_center_uv_px/0,6ea92a5e3c2ccfc4d933e5b02aac4e92dbb9ffcc0fe34368771e263d5d217b50,little-endian float64 x 11; zero-based row; byte offset=88*row,N/A,8cbfb94f836951ecb4e47b1f957b6fdba033eb4d21fa5dce2ccce6d3dc037d49,a09217e877fe6bad821f9828240c4c1b64d29da1,False,False,data/measurements.json#/metrics/191/value,SIX_CASES_AUDIT.json,audit_six.py,SOURCE_NOT_INCLUDED
M193,scene_28_9|RoadObstruction:22|0346,inconclusive,review_projection_delta_v,2.4885864827207342,px,,1c0d833083ef0373be72e0741646feb7b70b3fbbb1e9821b34812e1f8bafb6b4,/1/projected_minus_native_center_uv_px/1,6ea92a5e3c2ccfc4d933e5b02aac4e92dbb9ffcc0fe34368771e263d5d217b50,little-endian float64 x 11; zero-based row; byte offset=88*row,N/A,8cbfb94f836951ecb4e47b1f957b6fdba033eb4d21fa5dce2ccce6d3dc037d49,a09217e877fe6bad821f9828240c4c1b64d29da1,False,False,data/measurements.json#/metrics/192/value,SIX_CASES_AUDIT.json,audit_six.py,SOURCE_NOT_INCLUDED
M194,scene_28_9|RoadObstruction:18|0107,inconclusive,review_GT_OBB_points,0,count,,1c0d833083ef0373be72e0741646feb7b70b3fbbb1e9821b34812e1f8bafb6b4,/4/GT_OBB_points,a03f3ea0375b3bd0e6405af67fca938351f2095cbe26bc4be009b16f9a742ec9,little-endian float64 x 11; zero-based row; byte offset=88*row,N/A,8cbfb94f836951ecb4e47b1f957b6fdba033eb4d21fa5dce2ccce6d3dc037d49,a09217e877fe6bad821f9828240c4c1b64d29da1,False,False,data/measurements.json#/metrics/193/value,SIX_CASES_AUDIT.json,audit_six.py,SOURCE_NOT_INCLUDED
M195,scene_28_9|RoadObstruction:18|0107,inconclusive,review_projection_delta_u,8.725135399284682,px,,1c0d833083ef0373be72e0741646feb7b70b3fbbb1e9821b34812e1f8bafb6b4,/4/projected_minus_native_center_uv_px/0,a03f3ea0375b3bd0e6405af67fca938351f2095cbe26bc4be009b16f9a742ec9,little-endian float64 x 11; zero-based row; byte offset=88*row,N/A,8cbfb94f836951ecb4e47b1f957b6fdba033eb4d21fa5dce2ccce6d3dc037d49,a09217e877fe6bad821f9828240c4c1b64d29da1,False,False,data/measurements.json#/metrics/194/value,SIX_CASES_AUDIT.json,audit_six.py,SOURCE_NOT_INCLUDED
M196,scene_28_9|RoadObstruction:18|0107,inconclusive,review_projection_delta_v,1.0988174990673087,px,,1c0d833083ef0373be72e0741646feb7b70b3fbbb1e9821b34812e1f8bafb6b4,/4/projected_minus_native_center_uv_px/1,a03f3ea0375b3bd0e6405af67fca938351f2095cbe26bc4be009b16f9a742ec9,little-endian float64 x 11; zero-based row; byte offset=88*row,N/A,8cbfb94f836951ecb4e47b1f957b6fdba033eb4d21fa5dce2ccce6d3dc037d49,a09217e877fe6bad821f9828240c4c1b64d29da1,False,False,data/measurements.json#/metrics/195/value,SIX_CASES_AUDIT.json,audit_six.py,SOURCE_NOT_INCLUDED
M197,scene_36_39|RoadObstruction:7|0057,inconclusive,review_GT_OBB_points,0,count,,1c0d833083ef0373be72e0741646feb7b70b3fbbb1e9821b34812e1f8bafb6b4,/5/GT_OBB_points,913ad257ed96cb803a470eedf3c7c11319f27d02ce10eedef5b9c89f66c48914,little-endian float64 x 11; zero-based row; byte offset=88*row,N/A,8cbfb94f836951ecb4e47b1f957b6fdba033eb4d21fa5dce2ccce6d3dc037d49,a09217e877fe6bad821f9828240c4c1b64d29da1,False,False,data/measurements.json#/metrics/196/value,SIX_CASES_AUDIT.json,audit_six.py,SOURCE_NOT_INCLUDED
M198,scene_36_39|RoadObstruction:7|0057,inconclusive,review_projection_delta_u,8.59624562519457,px,,1c0d833083ef0373be72e0741646feb7b70b3fbbb1e9821b34812e1f8bafb6b4,/5/projected_minus_native_center_uv_px/0,913ad257ed96cb803a470eedf3c7c11319f27d02ce10eedef5b9c89f66c48914,little-endian float64 x 11; zero-based row; byte offset=88*row,N/A,8cbfb94f836951ecb4e47b1f957b6fdba033eb4d21fa5dce2ccce6d3dc037d49,a09217e877fe6bad821f9828240c4c1b64d29da1,False,False,data/measurements.json#/metrics/197/value,SIX_CASES_AUDIT.json,audit_six.py,SOURCE_NOT_INCLUDED
M199,scene_36_39|RoadObstruction:7|0057,inconclusive,review_projection_delta_v,3.5387377017491417,px,,1c0d833083ef0373be72e0741646feb7b70b3fbbb1e9821b34812e1f8bafb6b4,/5/projected_minus_native_center_uv_px/1,913ad257ed96cb803a470eedf3c7c11319f27d02ce10eedef5b9c89f66c48914,little-endian float64 x 11; zero-based row; byte offset=88*row,N/A,8cbfb94f836951ecb4e47b1f957b6fdba033eb4d21fa5dce2ccce6d3dc037d49,a09217e877fe6bad821f9828240c4c1b64d29da1,False,False,data/measurements.json#/metrics/198/value,SIX_CASES_AUDIT.json,audit_six.py,SOURCE_NOT_INCLUDED
